,orf_id,mut_id,node_type,source_pla,source_well,dest_pla_id,dest_well_id,dest_pla,source_well_id,dest_well
78,56360.0,0.0,wt,DisWTGDEh01,A02,23,89,VUSDUALXP_23,9,A12
79,56360.0,0.0,wt,DisWTGDEh01,A02,23,90,VUSDUALXP_23,9,B12
80,56360.0,0.0,wt,DisWTGDEh01,A02,23,91,VUSDUALXP_23,9,C12
81,56360.0,0.0,wt,DisWTGDEh01,A02,23,92,VUSDUALXP_23,9,D12
10,9905.0,0.0,wt,DisWTGDEh01,D06,23,14,VUSDUALXP_23,44,F02
11,9905.0,0.0,wt,DisWTGDEh01,D06,23,15,VUSDUALXP_23,44,G02
12,9905.0,0.0,wt,DisWTGDEh01,D06,23,16,VUSDUALXP_23,44,H02
13,9905.0,0.0,wt,DisWTGDEh01,D06,23,18,VUSDUALXP_23,44,B03
217,5431.0,0.0,wt,DisWTGDEh01,G08,25,62,VUSDUALXP_25,63,F08
218,5431.0,0.0,wt,DisWTGDEh01,G08,25,63,VUSDUALXP_25,63,G08
219,5431.0,0.0,wt,DisWTGDEh01,G08,25,64,VUSDUALXP_25,63,H08
220,5431.0,0.0,wt,DisWTGDEh01,G08,25,65,VUSDUALXP_25,63,A09
154,11305.0,0.0,wt,DisWTGDEh02,A03,24,81,VUSDUALXP_24,17,A11
155,11305.0,0.0,wt,DisWTGDEh02,A03,24,82,VUSDUALXP_24,17,B11
156,11305.0,0.0,wt,DisWTGDEh02,A03,24,83,VUSDUALXP_24,17,C11
157,11305.0,0.0,wt,DisWTGDEh02,A03,24,84,VUSDUALXP_24,17,D11
165,12043.0,0.0,wt,DisWTGDEh02,G03,25,2,VUSDUALXP_25,23,B01
166,12043.0,0.0,wt,DisWTGDEh02,G03,25,3,VUSDUALXP_25,23,C01
167,12043.0,0.0,wt,DisWTGDEh02,G03,25,4,VUSDUALXP_25,23,D01
168,12043.0,0.0,wt,DisWTGDEh02,G03,25,5,VUSDUALXP_25,23,E01
249,3180.0,0.0,wt,DisWTGDEh02,B04,26,2,VUSDUALXP_26,26,B01
250,3180.0,0.0,wt,DisWTGDEh02,B04,26,3,VUSDUALXP_26,26,C01
251,3180.0,0.0,wt,DisWTGDEh02,B04,26,4,VUSDUALXP_26,26,D01
252,3180.0,0.0,wt,DisWTGDEh02,B04,26,5,VUSDUALXP_26,26,E01
170,13571.0,0.0,wt,DisWTGDEh02,C04,25,7,VUSDUALXP_25,27,G01
171,13571.0,0.0,wt,DisWTGDEh02,C04,25,8,VUSDUALXP_25,27,H01
172,13571.0,0.0,wt,DisWTGDEh02,C04,25,10,VUSDUALXP_25,27,B02
173,13571.0,0.0,wt,DisWTGDEh02,C04,25,11,VUSDUALXP_25,27,C02
95,2468.0,0.0,wt,DisWTGDEh02,F04,24,14,VUSDUALXP_24,30,F02
96,2468.0,0.0,wt,DisWTGDEh02,F04,24,15,VUSDUALXP_24,30,G02
97,2468.0,0.0,wt,DisWTGDEh02,F04,24,16,VUSDUALXP_24,30,H02
98,2468.0,0.0,wt,DisWTGDEh02,F04,24,18,VUSDUALXP_24,30,B03
159,510.0,0.0,wt,DisWTGDEh02,B05,24,86,VUSDUALXP_24,34,F11
160,510.0,0.0,wt,DisWTGDEh02,B05,24,87,VUSDUALXP_24,34,G11
161,510.0,0.0,wt,DisWTGDEh02,B05,24,88,VUSDUALXP_24,34,H11
162,510.0,0.0,wt,DisWTGDEh02,B05,24,89,VUSDUALXP_24,34,A12
212,9818.0,0.0,wt,DisWTGDEh02,E07,25,56,VUSDUALXP_25,53,H07
213,9818.0,0.0,wt,DisWTGDEh02,E07,25,58,VUSDUALXP_25,53,B08
214,9818.0,0.0,wt,DisWTGDEh02,E07,25,59,VUSDUALXP_25,53,C08
215,9818.0,0.0,wt,DisWTGDEh02,E07,25,60,VUSDUALXP_25,53,D08
236,3782.0,0.0,wt,DisWTGDEh02,H07,25,82,VUSDUALXP_25,56,B11
237,3782.0,0.0,wt,DisWTGDEh02,H07,25,83,VUSDUALXP_25,56,C11
238,3782.0,0.0,wt,DisWTGDEh02,H07,25,84,VUSDUALXP_25,56,D11
239,3782.0,0.0,wt,DisWTGDEh02,H07,25,85,VUSDUALXP_25,56,E11
84,14966.0,0.0,wt,DisWTGDEh02,A09,24,2,VUSDUALXP_24,65,B01
85,14966.0,0.0,wt,DisWTGDEh02,A09,24,3,VUSDUALXP_24,65,C01
86,14966.0,0.0,wt,DisWTGDEh02,A09,24,4,VUSDUALXP_24,65,D01
87,14966.0,0.0,wt,DisWTGDEh02,A09,24,5,VUSDUALXP_24,65,E01
223,7323.0,0.0,wt,DisWTGDEh02,D09,25,68,VUSDUALXP_25,68,D09
224,7323.0,0.0,wt,DisWTGDEh02,D09,25,69,VUSDUALXP_25,68,E09
225,7323.0,0.0,wt,DisWTGDEh02,D09,25,70,VUSDUALXP_25,68,F09
226,7323.0,0.0,wt,DisWTGDEh02,D09,25,71,VUSDUALXP_25,68,G09
255,3438.0,0.0,wt,DisWTGDEh02,C10,26,10,VUSDUALXP_26,75,B02
256,3438.0,0.0,wt,DisWTGDEh02,C10,26,11,VUSDUALXP_26,75,C02
257,3438.0,0.0,wt,DisWTGDEh02,C10,26,12,VUSDUALXP_26,75,D02
258,3438.0,0.0,wt,DisWTGDEh02,C10,26,13,VUSDUALXP_26,75,E02
0,8143.0,0.0,wt,DisWTGDEh03,C01,23,2,VUSDUALXP_23,3,B01
1,8143.0,0.0,wt,DisWTGDEh03,C01,23,4,VUSDUALXP_23,3,D01
2,8143.0,0.0,wt,DisWTGDEh03,C01,23,5,VUSDUALXP_23,3,E01
3,8143.0,0.0,wt,DisWTGDEh03,C01,23,6,VUSDUALXP_23,3,F01
183,14221.0,0.0,wt,DisWTGDEh03,F01,25,22,VUSDUALXP_25,6,F03
184,14221.0,0.0,wt,DisWTGDEh03,F01,25,23,VUSDUALXP_25,6,G03
185,14221.0,0.0,wt,DisWTGDEh03,F01,25,24,VUSDUALXP_25,6,H03
186,14221.0,0.0,wt,DisWTGDEh03,F01,25,26,VUSDUALXP_25,6,B04
289,2920.0,0.0,wt,DisWTGDEh03,A03,26,50,VUSDUALXP_26,17,B07
290,2920.0,0.0,wt,DisWTGDEh03,A03,26,51,VUSDUALXP_26,17,C07
291,2920.0,0.0,wt,DisWTGDEh03,A03,26,52,VUSDUALXP_26,17,D07
292,2920.0,0.0,wt,DisWTGDEh03,A03,26,53,VUSDUALXP_26,17,E07
342,8416.0,0.0,wt,DisWTGDEh03,C03,27,23,VUSDUALXP_27,19,G03
343,8416.0,0.0,wt,DisWTGDEh03,C03,27,24,VUSDUALXP_27,19,H03
344,8416.0,0.0,wt,DisWTGDEh03,C03,27,26,VUSDUALXP_27,19,B04
345,8416.0,0.0,wt,DisWTGDEh03,C03,27,27,VUSDUALXP_27,19,C04
16,2713.0,0.0,wt,DisWTGDEh03,A04,23,21,VUSDUALXP_23,25,E03
17,2713.0,0.0,wt,DisWTGDEh03,A04,23,22,VUSDUALXP_23,25,F03
18,2713.0,0.0,wt,DisWTGDEh03,A04,23,23,VUSDUALXP_23,25,G03
19,2713.0,0.0,wt,DisWTGDEh03,A04,23,24,VUSDUALXP_23,25,H03
115,52920.0,0.0,wt,DisWTGDEh03,A05,24,38,VUSDUALXP_24,33,F05
116,52920.0,0.0,wt,DisWTGDEh03,A05,24,39,VUSDUALXP_24,33,G05
117,52920.0,0.0,wt,DisWTGDEh03,A05,24,40,VUSDUALXP_24,33,H05
118,52920.0,0.0,wt,DisWTGDEh03,A05,24,42,VUSDUALXP_24,33,B06
194,5723.0,0.0,wt,DisWTGDEh03,D05,25,35,VUSDUALXP_25,36,C05
195,5723.0,0.0,wt,DisWTGDEh03,D05,25,36,VUSDUALXP_25,36,D05
196,5723.0,0.0,wt,DisWTGDEh03,D05,25,37,VUSDUALXP_25,36,E05
197,5723.0,0.0,wt,DisWTGDEh03,D05,25,38,VUSDUALXP_25,36,F05
100,2767.0,0.0,wt,DisWTGDEh03,E05,24,20,VUSDUALXP_24,37,D03
101,2767.0,0.0,wt,DisWTGDEh03,E05,24,21,VUSDUALXP_24,37,E03
102,2767.0,0.0,wt,DisWTGDEh03,E05,24,22,VUSDUALXP_24,37,F03
103,2767.0,0.0,wt,DisWTGDEh03,E05,24,23,VUSDUALXP_24,37,G03
323,3689.0,0.0,wt,DisWTGDEh03,A06,27,2,VUSDUALXP_27,41,B01
324,3689.0,0.0,wt,DisWTGDEh03,A06,27,3,VUSDUALXP_27,41,C01
325,3689.0,0.0,wt,DisWTGDEh03,A06,27,4,VUSDUALXP_27,41,D01
326,3689.0,0.0,wt,DisWTGDEh03,A06,27,5,VUSDUALXP_27,41,E01
270,13796.0,0.0,wt,DisWTGDEh03,C06,26,28,VUSDUALXP_26,43,D04
271,13796.0,0.0,wt,DisWTGDEh03,C06,26,29,VUSDUALXP_26,43,E04
272,13796.0,0.0,wt,DisWTGDEh03,C06,26,30,VUSDUALXP_26,43,F04
273,13796.0,0.0,wt,DisWTGDEh03,C06,26,31,VUSDUALXP_26,43,G04
241,54914.0,0.0,wt,DisWTGDEh03,H07,25,87,VUSDUALXP_25,56,G11
242,54914.0,0.0,wt,DisWTGDEh03,H07,25,88,VUSDUALXP_25,56,H11
243,54914.0,0.0,wt,DisWTGDEh03,H07,25,89,VUSDUALXP_25,56,A12
244,54914.0,0.0,wt,DisWTGDEh03,H07,25,90,VUSDUALXP_25,56,B12
175,4515.0,0.0,wt,DisWTGDEh04,D02,25,13,VUSDUALXP_25,12,E02
176,4515.0,0.0,wt,DisWTGDEh04,D02,25,14,VUSDUALXP_25,12,F02
177,4515.0,0.0,wt,DisWTGDEh04,D02,25,15,VUSDUALXP_25,12,G02
178,4515.0,0.0,wt,DisWTGDEh04,D02,25,16,VUSDUALXP_25,12,H02
149,55247.0,0.0,wt,DisWTGDEh04,D08,24,76,VUSDUALXP_24,60,D10
150,55247.0,0.0,wt,DisWTGDEh04,D08,24,77,VUSDUALXP_24,60,E10
151,55247.0,0.0,wt,DisWTGDEh04,D08,24,78,VUSDUALXP_24,60,F10
152,55247.0,0.0,wt,DisWTGDEh04,D08,24,79,VUSDUALXP_24,60,G10
163,510.0,1850.0,allele,VUSMutpDEST2_01,G07,24,90,VUSDUALXP_24,55,B12
164,510.0,200304.0,allele,VUSMutpDEST2_01,H07,24,91,VUSDUALXP_24,56,C12
99,2468.0,200623.0,allele,VUSMutpDEST2_01,H11,24,19,VUSDUALXP_24,88,C03
20,2713.0,449.0,allele,VUSMutpDEST2_02,F02,23,26,VUSDUALXP_23,14,B04
21,2713.0,451.0,allele,VUSMutpDEST2_02,G02,23,27,VUSDUALXP_23,15,C04
22,2713.0,455.0,allele,VUSMutpDEST2_02,H02,23,28,VUSDUALXP_23,16,D04
23,2713.0,461.0,allele,VUSMutpDEST2_02,A03,23,29,VUSDUALXP_23,17,E04
24,2713.0,462.0,allele,VUSMutpDEST2_02,B03,23,30,VUSDUALXP_23,18,F04
25,2713.0,467.0,allele,VUSMutpDEST2_02,C03,23,31,VUSDUALXP_23,19,G04
26,2713.0,470.0,allele,VUSMutpDEST2_02,D03,23,32,VUSDUALXP_23,20,H04
27,2713.0,472.0,allele,VUSMutpDEST2_02,E03,23,34,VUSDUALXP_23,21,B05
28,2713.0,473.0,allele,VUSMutpDEST2_02,F03,23,35,VUSDUALXP_23,22,C05
29,2713.0,683.0,allele,VUSMutpDEST2_02,G03,23,36,VUSDUALXP_23,23,D05
30,2713.0,704.0,allele,VUSMutpDEST2_02,H03,23,37,VUSDUALXP_23,24,E05
31,2713.0,838.0,allele,VUSMutpDEST2_02,A04,23,38,VUSDUALXP_23,25,F05
32,2713.0,869.0,allele,VUSMutpDEST2_02,B04,23,39,VUSDUALXP_23,26,G05
33,2713.0,889.0,allele,VUSMutpDEST2_02,C04,23,40,VUSDUALXP_23,27,H05
34,2713.0,894.0,allele,VUSMutpDEST2_02,D04,23,42,VUSDUALXP_23,28,B06
35,2713.0,910.0,allele,VUSMutpDEST2_02,E04,23,43,VUSDUALXP_23,29,C06
36,2713.0,914.0,allele,VUSMutpDEST2_02,F04,23,44,VUSDUALXP_23,30,D06
37,2713.0,919.0,allele,VUSMutpDEST2_02,G04,23,45,VUSDUALXP_23,31,E06
38,2713.0,921.0,allele,VUSMutpDEST2_02,H04,23,46,VUSDUALXP_23,32,F06
39,2713.0,923.0,allele,VUSMutpDEST2_02,A05,23,47,VUSDUALXP_23,33,G06
40,2713.0,934.0,allele,VUSMutpDEST2_02,B05,23,48,VUSDUALXP_23,34,H06
41,2713.0,953.0,allele,VUSMutpDEST2_02,C05,23,50,VUSDUALXP_23,35,B07
42,2713.0,955.0,allele,VUSMutpDEST2_02,D05,23,51,VUSDUALXP_23,36,C07
43,2713.0,966.0,allele,VUSMutpDEST2_02,E05,23,52,VUSDUALXP_23,37,D07
44,2713.0,967.0,allele,VUSMutpDEST2_02,F05,23,53,VUSDUALXP_23,38,E07
45,2713.0,971.0,allele,VUSMutpDEST2_02,G05,23,54,VUSDUALXP_23,39,F07
46,2713.0,981.0,allele,VUSMutpDEST2_02,H05,23,55,VUSDUALXP_23,40,G07
47,2713.0,982.0,allele,VUSMutpDEST2_02,A06,23,56,VUSDUALXP_23,41,H07
48,2713.0,983.0,allele,VUSMutpDEST2_02,B06,23,58,VUSDUALXP_23,42,B08
49,2713.0,985.0,allele,VUSMutpDEST2_02,C06,23,59,VUSDUALXP_23,43,C08
50,2713.0,986.0,allele,VUSMutpDEST2_02,D06,23,60,VUSDUALXP_23,44,D08
51,2713.0,1005.0,allele,VUSMutpDEST2_02,E06,23,61,VUSDUALXP_23,45,E08
52,2713.0,1015.0,allele,VUSMutpDEST2_02,F06,23,62,VUSDUALXP_23,46,F08
53,2713.0,1033.0,allele,VUSMutpDEST2_02,G06,23,63,VUSDUALXP_23,47,G08
54,2713.0,4400.0,allele,VUSMutpDEST2_02,H06,23,64,VUSDUALXP_23,48,H08
55,2713.0,4465.0,allele,VUSMutpDEST2_02,A07,23,65,VUSDUALXP_23,49,A09
56,2713.0,4520.0,allele,VUSMutpDEST2_02,B07,23,66,VUSDUALXP_23,50,B09
57,2713.0,4554.0,allele,VUSMutpDEST2_02,C07,23,67,VUSDUALXP_23,51,C09
58,2713.0,200798.0,allele,VUSMutpDEST2_02,D07,23,68,VUSDUALXP_23,52,D09
59,2713.0,200800.0,allele,VUSMutpDEST2_02,E07,23,69,VUSDUALXP_23,53,E09
60,2713.0,200808.0,allele,VUSMutpDEST2_02,F07,23,70,VUSDUALXP_23,54,F09
61,2713.0,200816.0,allele,VUSMutpDEST2_02,G07,23,71,VUSDUALXP_23,55,G09
62,2713.0,200818.0,allele,VUSMutpDEST2_02,H07,23,72,VUSDUALXP_23,56,H09
63,2713.0,200821.0,allele,VUSMutpDEST2_02,A08,23,73,VUSDUALXP_23,57,A10
64,2713.0,200824.0,allele,VUSMutpDEST2_02,B08,23,74,VUSDUALXP_23,58,B10
65,2713.0,200828.0,allele,VUSMutpDEST2_02,C08,23,75,VUSDUALXP_23,59,C10
66,2713.0,200832.0,allele,VUSMutpDEST2_02,D08,23,76,VUSDUALXP_23,60,D10
67,2713.0,200834.0,allele,VUSMutpDEST2_02,E08,23,77,VUSDUALXP_23,61,E10
68,2713.0,200837.0,allele,VUSMutpDEST2_02,F08,23,78,VUSDUALXP_23,62,F10
69,2713.0,200842.0,allele,VUSMutpDEST2_02,G08,23,79,VUSDUALXP_23,63,G10
70,2713.0,200850.0,allele,VUSMutpDEST2_02,H08,23,80,VUSDUALXP_23,64,H10
71,2713.0,200856.0,allele,VUSMutpDEST2_02,A09,23,81,VUSDUALXP_23,65,A11
72,2713.0,200865.0,allele,VUSMutpDEST2_02,B09,23,82,VUSDUALXP_23,66,B11
73,2713.0,200866.0,allele,VUSMutpDEST2_02,C09,23,83,VUSDUALXP_23,67,C11
74,2713.0,200868.0,allele,VUSMutpDEST2_02,D09,23,84,VUSDUALXP_23,68,D11
75,2713.0,200873.0,allele,VUSMutpDEST2_02,E09,23,86,VUSDUALXP_23,69,F11
76,2713.0,200887.0,allele,VUSMutpDEST2_02,F09,23,87,VUSDUALXP_23,70,G11
77,2713.0,200902.0,allele,VUSMutpDEST2_02,G09,23,88,VUSDUALXP_23,71,H11
104,2767.0,4651.0,allele,VUSMutpDEST2_02,H09,24,24,VUSDUALXP_24,72,H03
105,2767.0,4654.0,allele,VUSMutpDEST2_02,A10,24,26,VUSDUALXP_24,73,B04
106,2767.0,4661.0,allele,VUSMutpDEST2_02,B10,24,27,VUSDUALXP_24,74,C04
107,2767.0,4667.0,allele,VUSMutpDEST2_02,C10,24,28,VUSDUALXP_24,75,D04
108,2767.0,214356.0,allele,VUSMutpDEST2_02,D10,24,29,VUSDUALXP_24,76,E04
109,2767.0,214357.0,allele,VUSMutpDEST2_02,E10,24,30,VUSDUALXP_24,77,F04
110,2767.0,214358.0,allele,VUSMutpDEST2_02,F10,24,32,VUSDUALXP_24,78,H04
111,2767.0,214360.0,allele,VUSMutpDEST2_02,G10,24,34,VUSDUALXP_24,79,B05
112,2767.0,214361.0,allele,VUSMutpDEST2_02,H10,24,35,VUSDUALXP_24,80,C05
113,2767.0,214362.0,allele,VUSMutpDEST2_02,A11,24,36,VUSDUALXP_24,81,D05
114,2767.0,214363.0,allele,VUSMutpDEST2_02,B11,24,37,VUSDUALXP_24,82,E05
293,2920.0,5153.0,allele,VUSMutpDEST2_02,C11,26,54,VUSDUALXP_26,83,F07
294,2920.0,5180.0,allele,VUSMutpDEST2_02,D11,26,55,VUSDUALXP_26,84,G07
295,2920.0,5192.0,allele,VUSMutpDEST2_02,E11,26,56,VUSDUALXP_26,85,H07
296,2920.0,5209.0,allele,VUSMutpDEST2_02,F11,26,58,VUSDUALXP_26,86,B08
297,2920.0,214382.0,allele,VUSMutpDEST2_02,G11,26,59,VUSDUALXP_26,87,C08
298,2920.0,214386.0,allele,VUSMutpDEST2_02,H11,26,60,VUSDUALXP_26,88,D08
299,2920.0,214388.0,allele,VUSMutpDEST2_02,A12,26,61,VUSDUALXP_26,89,E08
300,2920.0,214394.0,allele,VUSMutpDEST2_02,B12,26,62,VUSDUALXP_26,90,F08
301,2920.0,214397.0,allele,VUSMutpDEST2_02,C12,26,63,VUSDUALXP_26,91,G08
302,2920.0,214399.0,allele,VUSMutpDEST2_02,D12,26,64,VUSDUALXP_26,92,H08
303,2920.0,214406.0,allele,VUSMutpDEST2_02,E12,26,65,VUSDUALXP_26,93,A09
304,2920.0,214409.0,allele,VUSMutpDEST2_02,F12,26,66,VUSDUALXP_26,94,B09
305,2920.0,214415.0,allele,VUSMutpDEST2_03,A01,26,67,VUSDUALXP_26,1,C09
306,2920.0,214418.0,allele,VUSMutpDEST2_03,B01,26,68,VUSDUALXP_26,2,D09
307,2920.0,214419.0,allele,VUSMutpDEST2_03,C01,26,69,VUSDUALXP_26,3,E09
308,2920.0,214420.0,allele,VUSMutpDEST2_03,D01,26,70,VUSDUALXP_26,4,F09
309,2920.0,214422.0,allele,VUSMutpDEST2_03,E01,26,71,VUSDUALXP_26,5,G09
310,2920.0,214423.0,allele,VUSMutpDEST2_03,F01,26,72,VUSDUALXP_26,6,H09
311,2920.0,214424.0,allele,VUSMutpDEST2_03,G01,26,73,VUSDUALXP_26,7,A10
312,2920.0,214427.0,allele,VUSMutpDEST2_03,H01,26,74,VUSDUALXP_26,8,B10
313,2920.0,214430.0,allele,VUSMutpDEST2_03,A02,26,75,VUSDUALXP_26,9,C10
314,2920.0,214433.0,allele,VUSMutpDEST2_03,B02,26,76,VUSDUALXP_26,10,D10
315,2920.0,214437.0,allele,VUSMutpDEST2_03,C02,26,77,VUSDUALXP_26,11,E10
316,2920.0,214440.0,allele,VUSMutpDEST2_03,D02,26,78,VUSDUALXP_26,12,F10
317,2920.0,214444.0,allele,VUSMutpDEST2_03,F02,26,79,VUSDUALXP_26,14,G10
318,2920.0,214445.0,allele,VUSMutpDEST2_03,G02,26,80,VUSDUALXP_26,15,H10
319,2920.0,214447.0,allele,VUSMutpDEST2_03,H02,26,81,VUSDUALXP_26,16,A11
320,2920.0,214450.0,allele,VUSMutpDEST2_03,A03,26,82,VUSDUALXP_26,17,B11
321,2920.0,214452.0,allele,VUSMutpDEST2_03,B03,26,83,VUSDUALXP_26,18,C11
322,2920.0,900221.0,allele,VUSMutpDEST2_03,C03,26,84,VUSDUALXP_26,19,D11
253,3180.0,243.0,allele,VUSMutpDEST2_03,G04,26,7,VUSDUALXP_26,31,G01
254,3180.0,214556.0,allele,VUSMutpDEST2_03,H04,26,8,VUSDUALXP_26,32,H01
259,3438.0,287.0,allele,VUSMutpDEST2_03,E05,26,14,VUSDUALXP_26,37,F02
260,3438.0,288.0,allele,VUSMutpDEST2_03,F05,26,15,VUSDUALXP_26,38,G02
261,3438.0,289.0,allele,VUSMutpDEST2_03,G05,26,16,VUSDUALXP_26,39,H02
262,3438.0,6046.0,allele,VUSMutpDEST2_03,H05,26,18,VUSDUALXP_26,40,B03
263,3438.0,201175.0,allele,VUSMutpDEST2_03,A06,26,19,VUSDUALXP_26,41,C03
264,3438.0,201176.0,allele,VUSMutpDEST2_03,B06,26,20,VUSDUALXP_26,42,D03
265,3438.0,201177.0,allele,VUSMutpDEST2_03,C06,26,21,VUSDUALXP_26,43,E03
266,3438.0,201179.0,allele,VUSMutpDEST2_03,D06,26,22,VUSDUALXP_26,44,F03
267,3438.0,201180.0,allele,VUSMutpDEST2_03,E06,26,23,VUSDUALXP_26,45,G03
268,3438.0,201181.0,allele,VUSMutpDEST2_03,F06,26,26,VUSDUALXP_26,46,B04
269,3438.0,201183.0,allele,VUSMutpDEST2_03,G06,26,27,VUSDUALXP_26,47,C04
327,3689.0,214816.0,allele,VUSMutpDEST2_03,E08,27,6,VUSDUALXP_27,61,F01
328,3689.0,214822.0,allele,VUSMutpDEST2_03,F08,27,7,VUSDUALXP_27,62,G01
329,3689.0,214825.0,allele,VUSMutpDEST2_03,G08,27,8,VUSDUALXP_27,63,H01
330,3689.0,214835.0,allele,VUSMutpDEST2_03,H08,27,10,VUSDUALXP_27,64,B02
331,3689.0,214841.0,allele,VUSMutpDEST2_03,A09,27,11,VUSDUALXP_27,65,C02
332,3689.0,214842.0,allele,VUSMutpDEST2_03,B09,27,12,VUSDUALXP_27,66,D02
333,3689.0,214843.0,allele,VUSMutpDEST2_03,C09,27,13,VUSDUALXP_27,67,E02
334,3689.0,214847.0,allele,VUSMutpDEST2_03,D09,27,14,VUSDUALXP_27,68,F02
335,3689.0,214851.0,allele,VUSMutpDEST2_03,E09,27,15,VUSDUALXP_27,69,G02
336,3689.0,214853.0,allele,VUSMutpDEST2_03,F09,27,16,VUSDUALXP_27,70,H02
337,3689.0,214856.0,allele,VUSMutpDEST2_03,G09,27,18,VUSDUALXP_27,71,B03
338,3689.0,214859.0,allele,VUSMutpDEST2_03,H09,27,19,VUSDUALXP_27,72,C03
339,3689.0,214860.0,allele,VUSMutpDEST2_03,A10,27,20,VUSDUALXP_27,73,D03
340,3689.0,214861.0,allele,VUSMutpDEST2_03,B10,27,21,VUSDUALXP_27,74,E03
341,3689.0,214863.0,allele,VUSMutpDEST2_03,C10,27,22,VUSDUALXP_27,75,F03
240,3782.0,201266.0,allele,VUSMutpDEST2_03,B12,25,86,VUSDUALXP_25,90,F11
179,4515.0,8609.0,allele,VUSMutpDEST2_04,B04,25,18,VUSDUALXP_25,26,B03
180,4515.0,8610.0,allele,VUSMutpDEST2_04,C04,25,19,VUSDUALXP_25,27,C03
181,4515.0,8612.0,allele,VUSMutpDEST2_04,D04,25,20,VUSDUALXP_25,28,D03
182,4515.0,900160.0,allele,VUSMutpDEST2_04,E04,25,21,VUSDUALXP_25,29,E03
221,5431.0,201910.0,allele,VUSMutpDEST2_05,F01,25,66,VUSDUALXP_25,6,B09
222,5431.0,201911.0,allele,VUSMutpDEST2_05,G01,25,67,VUSDUALXP_25,7,C09
198,5723.0,667.0,allele,VUSMutpDEST2_05,F05,25,39,VUSDUALXP_25,38,G05
199,5723.0,668.0,allele,VUSMutpDEST2_05,G05,25,40,VUSDUALXP_25,39,H05
200,5723.0,669.0,allele,VUSMutpDEST2_05,H05,25,43,VUSDUALXP_25,40,C06
201,5723.0,671.0,allele,VUSMutpDEST2_05,A06,25,44,VUSDUALXP_25,41,D06
202,5723.0,10350.0,allele,VUSMutpDEST2_05,B06,25,45,VUSDUALXP_25,42,E06
203,5723.0,10351.0,allele,VUSMutpDEST2_05,C06,25,46,VUSDUALXP_25,43,F06
204,5723.0,10355.0,allele,VUSMutpDEST2_05,D06,25,47,VUSDUALXP_25,44,G06
205,5723.0,10367.0,allele,VUSMutpDEST2_05,E06,25,48,VUSDUALXP_25,45,H06
206,5723.0,201962.0,allele,VUSMutpDEST2_05,F06,25,50,VUSDUALXP_25,46,B07
207,5723.0,201963.0,allele,VUSMutpDEST2_05,G06,25,51,VUSDUALXP_25,47,C07
208,5723.0,201964.0,allele,VUSMutpDEST2_05,H06,25,52,VUSDUALXP_25,48,D07
209,5723.0,201965.0,allele,VUSMutpDEST2_05,A07,25,53,VUSDUALXP_25,49,E07
210,5723.0,201966.0,allele,VUSMutpDEST2_05,B07,25,54,VUSDUALXP_25,50,F07
211,5723.0,201967.0,allele,VUSMutpDEST2_05,C07,25,55,VUSDUALXP_25,51,G07
227,7323.0,394.0,allele,VUSMutpDEST2_06,G02,25,73,VUSDUALXP_25,15,A10
228,7323.0,1840.0,allele,VUSMutpDEST2_06,H02,25,74,VUSDUALXP_25,16,B10
229,7323.0,13235.0,allele,VUSMutpDEST2_06,A03,25,75,VUSDUALXP_25,17,C10
230,7323.0,13254.0,allele,VUSMutpDEST2_06,B03,25,76,VUSDUALXP_25,18,D10
231,7323.0,13263.0,allele,VUSMutpDEST2_06,C03,25,77,VUSDUALXP_25,19,E10
232,7323.0,13272.0,allele,VUSMutpDEST2_06,D03,25,78,VUSDUALXP_25,20,F10
233,7323.0,216369.0,allele,VUSMutpDEST2_06,E03,25,79,VUSDUALXP_25,21,G10
234,7323.0,216370.0,allele,VUSMutpDEST2_06,F03,25,80,VUSDUALXP_25,22,H10
235,7323.0,216371.0,allele,VUSMutpDEST2_06,G03,25,81,VUSDUALXP_25,23,A11
4,8143.0,202836.0,allele,VUSMutpDEST2_07,E08,23,7,VUSDUALXP_23,61,G01
5,8143.0,202838.0,allele,VUSMutpDEST2_07,F08,23,8,VUSDUALXP_23,62,H01
6,8143.0,202839.0,allele,VUSMutpDEST2_07,G08,23,10,VUSDUALXP_23,63,B02
7,8143.0,202840.0,allele,VUSMutpDEST2_07,H08,23,11,VUSDUALXP_23,64,C02
8,8143.0,202841.0,allele,VUSMutpDEST2_07,A09,23,12,VUSDUALXP_23,65,D02
9,8143.0,202842.0,allele,VUSMutpDEST2_07,B09,23,13,VUSDUALXP_23,66,E02
346,8416.0,15594.0,allele,VUSMutpDEST2_07,E10,27,28,VUSDUALXP_27,77,D04
347,8416.0,15595.0,allele,VUSMutpDEST2_07,F10,27,29,VUSDUALXP_27,78,E04
348,8416.0,15613.0,allele,VUSMutpDEST2_07,G10,27,30,VUSDUALXP_27,79,F04
349,8416.0,15636.0,allele,VUSMutpDEST2_07,H10,27,31,VUSDUALXP_27,80,G04
350,8416.0,216621.0,allele,VUSMutpDEST2_07,A11,27,32,VUSDUALXP_27,81,H04
351,8416.0,216622.0,allele,VUSMutpDEST2_07,B11,27,34,VUSDUALXP_27,82,B05
352,8416.0,216623.0,allele,VUSMutpDEST2_07,C11,27,35,VUSDUALXP_27,83,C05
353,8416.0,216624.0,allele,VUSMutpDEST2_07,D11,27,36,VUSDUALXP_27,84,D05
354,8416.0,216625.0,allele,VUSMutpDEST2_07,E11,27,37,VUSDUALXP_27,85,E05
355,8416.0,216626.0,allele,VUSMutpDEST2_07,F11,27,38,VUSDUALXP_27,86,F05
356,8416.0,216627.0,allele,VUSMutpDEST2_07,G11,27,39,VUSDUALXP_27,87,G05
357,8416.0,216630.0,allele,VUSMutpDEST2_07,H11,27,40,VUSDUALXP_27,88,H05
358,8416.0,216631.0,allele,VUSMutpDEST2_07,A12,27,42,VUSDUALXP_27,89,B06
359,8416.0,216632.0,allele,VUSMutpDEST2_07,B12,27,43,VUSDUALXP_27,90,C06
360,8416.0,216633.0,allele,VUSMutpDEST2_07,C12,27,44,VUSDUALXP_27,91,D06
361,8416.0,216634.0,allele,VUSMutpDEST2_07,D12,27,45,VUSDUALXP_27,92,E06
362,8416.0,216635.0,allele,VUSMutpDEST2_07,E12,27,46,VUSDUALXP_27,93,F06
363,8416.0,216636.0,allele,VUSMutpDEST2_07,F12,27,47,VUSDUALXP_27,94,G06
364,8416.0,216637.0,allele,VUSMutpDEST2_08,A01,27,48,VUSDUALXP_27,1,H06
365,8416.0,216638.0,allele,VUSMutpDEST2_08,B01,27,50,VUSDUALXP_27,2,B07
366,8416.0,216640.0,allele,VUSMutpDEST2_08,C01,27,51,VUSDUALXP_27,3,C07
367,8416.0,216641.0,allele,VUSMutpDEST2_08,D01,27,52,VUSDUALXP_27,4,D07
368,8416.0,216642.0,allele,VUSMutpDEST2_08,E01,27,53,VUSDUALXP_27,5,E07
369,8416.0,216643.0,allele,VUSMutpDEST2_08,F01,27,54,VUSDUALXP_27,6,F07
370,8416.0,216644.0,allele,VUSMutpDEST2_08,G01,27,55,VUSDUALXP_27,7,G07
371,8416.0,216645.0,allele,VUSMutpDEST2_08,H01,27,56,VUSDUALXP_27,8,H07
372,8416.0,216646.0,allele,VUSMutpDEST2_08,A02,27,58,VUSDUALXP_27,9,B08
373,8416.0,216648.0,allele,VUSMutpDEST2_08,B02,27,59,VUSDUALXP_27,10,C08
374,8416.0,216649.0,allele,VUSMutpDEST2_08,C02,27,60,VUSDUALXP_27,11,D08
375,8416.0,216650.0,allele,VUSMutpDEST2_08,D02,27,61,VUSDUALXP_27,12,E08
376,8416.0,216651.0,allele,VUSMutpDEST2_08,E02,27,62,VUSDUALXP_27,13,F08
377,8416.0,216652.0,allele,VUSMutpDEST2_08,F02,27,63,VUSDUALXP_27,14,G08
216,9818.0,1922.0,allele,VUSMutpDEST2_08,B09,25,61,VUSDUALXP_25,66,E08
14,9905.0,216950.0,allele,VUSMutpDEST2_08,D09,23,19,VUSDUALXP_23,68,C03
15,9905.0,216952.0,allele,VUSMutpDEST2_08,E09,23,20,VUSDUALXP_23,69,D03
158,11305.0,217226.0,allele,VUSMutpDEST2_08,H10,24,85,VUSDUALXP_24,80,E11
169,12043.0,203658.0,allele,VUSMutpDEST2_09,E10,25,6,VUSDUALXP_25,77,F01
174,13571.0,218098.0,allele,VUSMutpDEST2_11,H04,25,12,VUSDUALXP_25,32,D02
274,13796.0,218138.0,allele,VUSMutpDEST2_11,C05,26,32,VUSDUALXP_26,35,H04
275,13796.0,218140.0,allele,VUSMutpDEST2_11,E05,26,34,VUSDUALXP_26,37,B05
276,13796.0,218142.0,allele,VUSMutpDEST2_11,F05,26,35,VUSDUALXP_26,38,C05
277,13796.0,218145.0,allele,VUSMutpDEST2_11,G05,26,36,VUSDUALXP_26,39,D05
278,13796.0,218146.0,allele,VUSMutpDEST2_11,H05,26,37,VUSDUALXP_26,40,E05
279,13796.0,218147.0,allele,VUSMutpDEST2_11,A06,26,38,VUSDUALXP_26,41,F05
280,13796.0,218148.0,allele,VUSMutpDEST2_11,B06,26,39,VUSDUALXP_26,42,G05
281,13796.0,218149.0,allele,VUSMutpDEST2_11,C06,26,40,VUSDUALXP_26,43,H05
282,13796.0,218150.0,allele,VUSMutpDEST2_11,D06,26,42,VUSDUALXP_26,44,B06
283,13796.0,218151.0,allele,VUSMutpDEST2_11,E06,26,43,VUSDUALXP_26,45,C06
284,13796.0,218153.0,allele,VUSMutpDEST2_11,F06,26,44,VUSDUALXP_26,46,D06
285,13796.0,218154.0,allele,VUSMutpDEST2_11,G06,26,45,VUSDUALXP_26,47,E06
286,13796.0,218155.0,allele,VUSMutpDEST2_11,H06,26,46,VUSDUALXP_26,48,F06
287,13796.0,218157.0,allele,VUSMutpDEST2_11,A07,26,47,VUSDUALXP_26,49,G06
288,13796.0,218158.0,allele,VUSMutpDEST2_11,B07,26,48,VUSDUALXP_26,50,H06
187,14221.0,2241.0,allele,VUSMutpDEST2_11,E07,25,27,VUSDUALXP_25,53,C04
188,14221.0,218276.0,allele,VUSMutpDEST2_11,F07,25,28,VUSDUALXP_25,54,D04
189,14221.0,218278.0,allele,VUSMutpDEST2_11,G07,25,29,VUSDUALXP_25,55,E04
190,14221.0,218279.0,allele,VUSMutpDEST2_11,H07,25,30,VUSDUALXP_25,56,F04
191,14221.0,218281.0,allele,VUSMutpDEST2_11,A08,25,31,VUSDUALXP_25,57,G04
192,14221.0,218282.0,allele,VUSMutpDEST2_11,B08,25,32,VUSDUALXP_25,58,H04
193,14221.0,218283.0,allele,VUSMutpDEST2_11,C08,25,34,VUSDUALXP_25,59,B05
88,14966.0,218511.0,allele,VUSMutpDEST2_11,E10,24,6,VUSDUALXP_24,77,F01
89,14966.0,218512.0,allele,VUSMutpDEST2_11,F10,24,7,VUSDUALXP_24,78,G01
90,14966.0,218513.0,allele,VUSMutpDEST2_11,G10,24,8,VUSDUALXP_24,79,H01
91,14966.0,218514.0,allele,VUSMutpDEST2_11,H10,24,10,VUSDUALXP_24,80,B02
92,14966.0,218516.0,allele,VUSMutpDEST2_11,A11,24,11,VUSDUALXP_24,81,C02
93,14966.0,218520.0,allele,VUSMutpDEST2_11,B11,24,12,VUSDUALXP_24,82,D02
94,14966.0,218521.0,allele,VUSMutpDEST2_11,C11,24,13,VUSDUALXP_24,83,E02
119,52920.0,2662.0,allele,VUSMutpDEST2_11,D11,24,43,VUSDUALXP_24,84,C06
120,52920.0,2665.0,allele,VUSMutpDEST2_11,E11,24,44,VUSDUALXP_24,85,D06
121,52920.0,2666.0,allele,VUSMutpDEST2_11,F11,24,45,VUSDUALXP_24,86,E06
122,52920.0,2667.0,allele,VUSMutpDEST2_11,G11,24,46,VUSDUALXP_24,87,F06
123,52920.0,2668.0,allele,VUSMutpDEST2_11,H11,24,47,VUSDUALXP_24,88,G06
124,52920.0,2669.0,allele,VUSMutpDEST2_11,A12,24,48,VUSDUALXP_24,89,H06
125,52920.0,2670.0,allele,VUSMutpDEST2_11,B12,24,50,VUSDUALXP_24,90,B07
126,52920.0,2671.0,allele,VUSMutpDEST2_11,C12,24,51,VUSDUALXP_24,91,C07
127,52920.0,2673.0,allele,VUSMutpDEST2_11,D12,24,52,VUSDUALXP_24,92,D07
128,52920.0,2674.0,allele,VUSMutpDEST2_11,E12,24,53,VUSDUALXP_24,93,E07
129,52920.0,2675.0,allele,VUSMutpDEST2_11,F12,24,54,VUSDUALXP_24,94,F07
130,52920.0,2676.0,allele,VUSMutpDEST2_12,A01,24,55,VUSDUALXP_24,1,G07
131,52920.0,2677.0,allele,VUSMutpDEST2_12,B01,24,56,VUSDUALXP_24,2,H07
132,52920.0,2678.0,allele,VUSMutpDEST2_12,C01,24,58,VUSDUALXP_24,3,B08
133,52920.0,2681.0,allele,VUSMutpDEST2_12,D01,24,59,VUSDUALXP_24,4,C08
134,52920.0,2682.0,allele,VUSMutpDEST2_12,E01,24,60,VUSDUALXP_24,5,D08
135,52920.0,2683.0,allele,VUSMutpDEST2_12,F01,24,61,VUSDUALXP_24,6,E08
136,52920.0,2684.0,allele,VUSMutpDEST2_12,G01,24,62,VUSDUALXP_24,7,F08
137,52920.0,2685.0,allele,VUSMutpDEST2_12,H01,24,63,VUSDUALXP_24,8,G08
138,52920.0,2686.0,allele,VUSMutpDEST2_12,A02,24,64,VUSDUALXP_24,9,H08
139,52920.0,2687.0,allele,VUSMutpDEST2_12,B02,24,65,VUSDUALXP_24,10,A09
140,52920.0,2688.0,allele,VUSMutpDEST2_12,C02,24,66,VUSDUALXP_24,11,B09
141,52920.0,2689.0,allele,VUSMutpDEST2_12,D02,24,67,VUSDUALXP_24,12,C09
142,52920.0,25124.0,allele,VUSMutpDEST2_12,E02,24,68,VUSDUALXP_24,13,D09
143,52920.0,25125.0,allele,VUSMutpDEST2_12,F02,24,70,VUSDUALXP_24,14,F09
144,52920.0,25126.0,allele,VUSMutpDEST2_12,G02,24,71,VUSDUALXP_24,15,G09
145,52920.0,25131.0,allele,VUSMutpDEST2_12,H02,24,72,VUSDUALXP_24,16,H09
146,52920.0,218636.0,allele,VUSMutpDEST2_12,A03,24,73,VUSDUALXP_24,17,A10
147,52920.0,218637.0,allele,VUSMutpDEST2_12,B03,24,74,VUSDUALXP_24,18,B10
148,52920.0,900154.0,allele,VUSMutpDEST2_12,C03,24,75,VUSDUALXP_24,19,C10
245,54914.0,28861.0,allele,VUSMutpDEST2_13,B03,25,91,VUSDUALXP_25,18,C12
246,54914.0,28864.0,allele,VUSMutpDEST2_13,C03,25,92,VUSDUALXP_25,19,D12
247,54914.0,28866.0,allele,VUSMutpDEST2_13,D03,25,93,VUSDUALXP_25,20,E12
248,54914.0,28869.0,allele,VUSMutpDEST2_13,E03,25,94,VUSDUALXP_25,21,F12
153,55247.0,30088.0,allele,VUSMutpDEST2_13,H05,24,80,VUSDUALXP_24,40,H10
82,56360.0,205331.0,allele,VUSMutpDEST2_13,G07,23,93,VUSDUALXP_23,55,E12
83,56360.0,205332.0,allele,VUSMutpDEST2_13,H07,23,94,VUSDUALXP_23,56,F12
