symbol,ccsb_mutation_id,ccsb_allele_id,spdi,nt_change,aa_change,collection,seq_confirmed_wt_ppi,seq_confirmed_allele_ppi,seq_confirmed_final
MYD88,CCSBVarC000008,ALE00000008,NC_000003.12:38140510:C:T,586C>T,Arg196Cys,Lacoste,1,1,1
GFAP,CCSBVarC004668,ALE00004668,NC_000017.11:44913342:T:G,707A>C,Lys236Thr,Lacoste,1,1,1
AHCY,CCSBVarC016789,ALE00016390,NC_000020.11:34290421:T:C,883A>G,Ile295Val,Lacoste,1,1,1
RP2,CCSBVarC015020,ALE00016035,NC_000023.11:46860064:G:A,845G>A,Arg282Gln,Lacoste,1,1,1
RAD51D,CCSBVarC024877,ALE00029794,NC_000017.11:35101239:C:T,865G>A,Gly289Ser,CAVA,1,1,1
TSFM,CCSBVarC017041,ALE00016846,NC_000012.12:57793041:G:C,539G>C,Gly180Ala,Lacoste,1,1,1
NF2,CCSBVarC000524,ALE00000524,NC_000022.11:29655666:G:T,340G>T,Gly114Cys,Lacoste,1,1,1
CAPN3,CCSBVarC017245,ALE00017200,NC_000015.10:42409985:C:T,569C>T,Ala190Val,Lacoste,1,1,1
PTPN11,CCSBVarC019122,ALE00026950,NC_000012.12:112472953:C:A,766C>A,Gln256Lys,CAVA,1,1,1
SDHD,CCSBVarC023369,ALE00034956,NC_000011.10:112094906:T:C,416T>C,Leu139Pro,CAVA,1,1,1
SDHD,CCSBVarC023269,ALE00029761,NC_000011.10:112087905:T:G,101T>G,Phe34Cys,CAVA,1,1,1
MPDU1,CCSBVarC016441,ALE00016428,NC_000017.11:7586913:G:A,403G>A,Ala135Thr,Lacoste,1,1,1
CAPN3,CCSBVarC017246,ALE00017201,NC_000015.10:42410432:A:G,584A>G,Asp195Gly,Lacoste,1,1,1
CTCF,CCSBVarC010870,ALE00013232,NC_000016.10:67621454:A:G,1220A>G,Tyr407Cys,CAVA,1,1,1
CAPN3,CCSBVarC017260,ALE00017215,NC_000015.10:42410929:A:G,773A>G,Tyr258Cys,Lacoste,1,1,1
IMPDH1,CCSBVarC017195,ALE00016380,NC_000007.14:128401085:G:A,326C>T,Thr109Met,Lacoste,1,1,1
NF2,CCSBVarC016525,ALE00016471,NC_000022.11:29673402:C:G,1007C>G,Thr336Arg,Lacoste,1,1,1
AHCY,CCSBVarC016761,ALE00016352,NC_000020.11:34290911:G:A,586C>T,Arg196Trp,Lacoste,1,1,1
CFP,CCSBVarC001211,ALE00001211,NC_000023.11:47628207:G:A,298C>T,Arg100Trp,Lacoste,1,1,1
SDHD,CCSBVarC023361,ALE00034476,NC_000011.10:112094831:A:G,341A>G,Tyr114Cys,CAVA,1,1,1
MCOLN1,CCSBVarC016272,ALE00016332,NC_000019.10:7526807:G:A,452G>A,Arg151His,Lacoste,1,1,1
CAPN3,CCSBVarC017231,ALE00017186,NC_000015.10:42405938:A:G,259A>G,Thr87Ala,Lacoste,1,1,1
TSFM,CCSBVarC017023,ALE00016790,NC_000012.12:57786164:C:T,233C>T,Ala78Val,Lacoste,1,1,1
PTPN11,CCSBVarC019145,ALE00020961,NC_000012.12:112477690:A:G,893A>G,Asn298Ser,CAVA,1,1,1
MCOLN1,CCSBVarC016388,ALE00016389,NC_000019.10:7528626:G:A,907G>A,Val303Met,Lacoste,1,1,1
CFP,CCSBVarC017099,ALE00017117,NC_000023.11:47628162:C:A,343G>T,Val115Leu,Lacoste,1,1,1
SDHD,CCSBVarC023308,ALE00021474,NC_000011.10:112088966:C:T,269C>T,Ala90Val,CAVA,1,1,1
TSFM,CCSBVarC017033,ALE00016837,NC_000012.12:57792986:G:A,484G>A,Gly162Ser,Lacoste,1,1,1
TSFM,CCSBVarC017027,ALE00015698,NC_000012.12:57786202:T:G,271T>G,Trp91Gly,Lacoste,1,1,1
CAPN3,CCSBVarC007697,ALE00007683,NC_000015.10:42402935:A:G,142A>G,Thr48Ala,Lacoste,1,1,1
IMPDH1,CCSBVarC016412,ALE00016468,NC_000007.14:128400365:C:A,646G>T,Ala216Ser,Lacoste,1,1,1
RAD51D,CCSBVarC024850,ALE00021967,NC_000017.11:35103301:C:A,691G>T,Ala231Ser,CAVA,1,1,1
RAD51D,CCSBVarC024804,ALE00029792,NC_000017.11:35118568:C:T,196G>A,Val66Met,CAVA,1,1,1
MPDU1,CCSBVarC016519,ALE00016466,NC_000017.11:7587536:G:C,729G>C,Gln243His,Lacoste,1,1,1
EFHC1,CCSBVarC003449,ALE00003449,NC_000006.12:52454128:G:T,757G>T,Asp253Tyr,Lacoste,1,1,1
RP2,CCSBVarC014964,ALE00015954,NC_000023.11:46853774:A:G,401A>G,Gln134Arg,Lacoste,1,1,1
PTPN11,CCSBVarC019070,ALE00025339,NC_000012.12:112450361:G:T,181G>T,Asp61Tyr,CAVA,1,1,1
GFAP,CCSBVarC004678,ALE00004678,NC_000017.11:44911251:T:A,1112A>T,Glu371Val,Lacoste,1,1,1
NF2,CCSBVarC016549,ALE00016516,NC_000022.11:29678256:G:A,1258G>A,Asp420Asn,Lacoste,1,1,1
CFP,CCSBVarC010164,ALE00010670,NC_000023.11:47626818:C:T,895G>A,Asp299Asn,Lacoste,1,1,1
CAPN3,CCSBVarC017234,ALE00017189,NC_000015.10:42408252:G:C,306G>C,Glu102Asp,Lacoste,1,1,1
CFP,CCSBVarC017070,ALE00017102,NC_000023.11:47626128:T:G,1174A>C,Met392Leu,Lacoste,1,1,1
TSFM,CCSBVarC017054,ALE00016849,NC_000012.12:57783111:C:T,59C>T,Ala20Val,Lacoste,1,1,1
IMPDH1,CCSBVarC017191,ALE00016348,NC_000007.14:128394508:C:T,1534G>A,Gly512Ser,Lacoste,1,1,1
TSFM,CCSBVarC017021,ALE00016786,NC_000012.12:57782823:C:T,22C>T,Arg8Cys,Lacoste,1,1,1
CAPN3,CCSBVarC017239,ALE00017194,NC_000015.10:42409376:G:A,452G>A,Gly151Glu,Lacoste,1,1,1
CFP,CCSBVarC017105,ALE00017120,NC_000023.11:47629801:G:A,44C>T,Pro15Leu,Lacoste,1,1,1
TSFM,CCSBVarC017014,ALE00016758,NC_000012.12:57783168:G:T,116G>T,Arg39Leu,Lacoste,1,1,1
GFAP,CCSBVarC004659,ALE00004659,NC_000017.11:44915257:T:C,230A>G,Asn77Ser,Lacoste,1,1,1
AHCY,CCSBVarC016753,ALE00016329,NC_000020.11:34292409:C:T,394G>A,Gly132Arg,Lacoste,1,1,1
PTPN11,CCSBVarC019056,ALE00024041,NC_000012.12:112450352:A:G,172A>G,Asn58Asp,CAVA,1,1,1
CAPN3,CCSBVarC005499,ALE00005499,NC_000015.10:42410926:G:A,770G>A,Arg257Gln,Lacoste,1,1,1
GFAP,CCSBVarC004670,ALE00004670,NC_000017.11:44913333:C:G,716G>C,Arg239Pro,Lacoste,1,1,1
TSFM,CCSBVarC017074,ALE00016936,NC_000012.12:57796401:C:G,796C>G,Leu266Val,Lacoste,1,1,1
MPDU1,CCSBVarC016505,ALE00016451,NC_000017.11:7583928:C:G,66C>G,Cys22Trp,Lacoste,1,1,1
IMPDH1,CCSBVarC016591,ALE00016538,NC_000007.14:128398504:C:G,876G>C,Gln292His,Lacoste,1,1,1
IMPDH1,CCSBVarC002717,ALE00002717,NC_000007.14:128395166:T:G,1262A>C,His421Pro,Lacoste,1,1,1
MPDU1,CCSBVarC000521,ALE00000521,NC_000017.11:7586745:T:C,356T>C,Leu119Pro,Lacoste,1,1,1
CRYGC,CCSBVarC016956,ALE00017001,NC_000002.12:208128456:C:T,272G>A,Arg91Gln,Lacoste,1,1,1
IMPDH1,CCSBVarC016510,ALE00016502,NC_000007.14:128398556:T:C,824A>G,Asp275Gly,Lacoste,1,1,1
RP2,CCSBVarC001707,ALE00001707,NC_000023.11:46853726:G:A,353G>A,Arg118His,Lacoste,1,1,1
RP2,CCSBVarC014982,ALE00015989,NC_000023.11:46853908:C:T,535C>T,Pro179Ser,Lacoste,1,1,1
MPDU1,CCSBVarC000519,ALE00000519,NC_000017.11:7585994:G:A,218G>A,Gly73Glu,Lacoste,1,1,1
IMPDH1,CCSBVarC016415,ALE00016470,NC_000007.14:128400350:T:C,661A>G,Thr221Ala,Lacoste,1,1,1
SDHD,CCSBVarC023325,ALE00034952,NC_000011.10:112089002:A:T,305A>T,His102Leu,CAVA,1,1,1
AHCY,CCSBVarC016774,ALE00016367,NC_000020.11:34290800:G:A,697C>T,Arg233Trp,Lacoste,1,1,1
GFAP,CCSBVarC004673,ALE00004673,NC_000017.11:44911308:A:G,1055T>C,Leu352Pro,Lacoste,1,1,1
RAD51D,CCSBVarC024886,ALE00031726,NC_000017.11:35101025:G:C,915C>G,Phe305Leu,CAVA,1,1,1
MCOLN1,CCSBVarC009367,ALE00009501,NC_000019.10:7527954:C:A,771C>A,Ser257Arg,Lacoste,1,1,1
MPDU1,CCSBVarC016513,ALE00016458,NC_000017.11:7587520:A:G,713A>G,Lys238Arg,Lacoste,1,1,1
CFP,CCSBVarC017091,ALE00017113,NC_000023.11:47628273:G:C,232C>G,Pro78Ala,Lacoste,1,1,1
GFAP,CCSBVarC000366,ALE00000366,NC_000017.11:44913430:C:G,619G>C,Glu207Gln,Lacoste,1,1,1
MCOLN1,CCSBVarC016250,ALE00016318,NC_000019.10:7526482:G:A,281G>A,Arg94Gln,Lacoste,1,1,1
PTPN11,CCSBVarC019131,ALE00024054,NC_000012.12:112472972:T:G,785T>G,Leu262Arg,CAVA,1,1,1
SDHD,CCSBVarC023296,ALE00036762,NC_000011.10:112088939:C:T,242C>T,Pro81Leu,CAVA,1,1,1
EFHC1,CCSBVarC017141,ALE00015706,NC_000006.12:52490319:A:G,1820A>G,Asn607Ser,Lacoste,1,1,1
RP2,CCSBVarC014996,ALE00016009,NC_000023.11:46854040:A:G,667A>G,Ile223Val,Lacoste,1,1,1
RAF1,CCSBVarC008860,ALE00011641,NC_000003.12:12584624:G:C,1837C>G,Leu613Val,CAVA,1,1,1
RP2,CCSBVarC015026,ALE00016043,NC_000023.11:46877538:G:A,917G>A,Gly306Asp,Lacoste,1,1,1
SDHD,CCSBVarC023342,ALE00021461,NC_000011.10:112094821:G:A,331G>A,Val111Ile,CAVA,1,1,1
MCOLN1,CCSBVarC016283,ALE00016346,NC_000019.10:7527537:C:A,589C>A,Pro197Thr,Lacoste,1,1,1
TSFM,CCSBVarC017012,ALE00016744,NC_000012.12:57783164:C:T,112C>T,Pro38Ser,Lacoste,1,1,1
PTPN11,CCSBVarC019155,ALE00020062,NC_000012.12:112477729:T:C,932T>C,Met311Thr,CAVA,1,1,1
NF2,CCSBVarC015530,ALE00016589,NC_000022.11:29604085:G:A,87G>A,Met29Ile,Lacoste,1,1,1
CAPN3,CCSBVarC017238,ALE00017193,NC_000015.10:42409370:T:A,446T>A,Ile149Lys,Lacoste,1,1,1
FARS2,CCSBVarC011910,ALE00015564,NC_000006.12:5368821:A:C,251A>C,His84Pro,CAVA,1,1,1
EFHC1,CCSBVarC003447,ALE00003447,NC_000006.12:52452742:G:A,628G>A,Asp210Asn,Lacoste,1,1,1
CAPN3,CCSBVarC017269,ALE00017223,NC_000015.10:42402878:C:G,85C>G,Arg29Gly,Lacoste,1,1,1
AQP1,CCSBVarC015069,ALE00015601,NC_000007.14:30912229:T:G,320T>G,Val107Gly,Lacoste,1,1,1
EFHC1,CCSBVarC001265,ALE00001265,NC_000006.12:52452776:G:A,662G>A,Arg221His,Lacoste,1,1,1
AHCY,CCSBVarC016748,ALE00015692,NC_000020.11:34292436:C:T,367G>A,Gly123Arg,Lacoste,1,1,1
CRYGC,CCSBVarC016929,ALE00016991,NC_000002.12:208129529:T:C,164A>G,Gln55Arg,Lacoste,1,1,1
MCOLN1,CCSBVarC003574,ALE00003574,NC_000019.10:7529173:C:T,1207C>T,Arg403Cys,Lacoste,1,1,1
SCARB2,CCSBVarC015964,ALE00015639,NC_000004.12:76168404:C:T,1186G>A,Val396Ile,Lacoste,1,1,1
AHCY,CCSBVarC016791,ALE00016393,NC_000020.11:34295517:T:C,97A>G,Met33Val,Lacoste,1,1,1
FARS2,CCSBVarC011870,ALE00009031,NC_000006.12:5368740:C:G,170C>G,Ser57Cys,CAVA,1,1,1
RP2,CCSBVarC014916,ALE00015926,NC_000023.11:46837119:A:C,19A>C,Lys7Gln,Lacoste,1,1,1
BCL10,CCSBVarC001764,ALE00001764,NC_000001.11:85276329:G:C,24C>G,Leu8Leu,CAVA,1,1,1
CFP,CCSBVarC001213,ALE00001213,NC_000023.11:47626424:G:A,1036C>T,Arg346Cys,Lacoste,1,1,1
GFAP,CCSBVarC004672,ALE00004672,NC_000017.11:44911743:T:C,835A>G,Lys279Glu,Lacoste,1,1,1
MPDU1,CCSBVarC000520,ALE00000520,NC_000017.11:7585997:T:C,221T>C,Leu74Ser,Lacoste,1,1,1
CAPN3,CCSBVarC017248,ALE00017203,NC_000015.10:42410449:A:G,601A>G,Asn201Asp,Lacoste,1,1,1
CAPN3,CCSBVarC017233,ALE00017188,NC_000015.10:42408227:C:T,281C>T,Ser94Leu,Lacoste,1,1,1
IMPDH1,CCSBVarC016594,ALE00016541,NC_000007.14:128398496:C:G,884G>C,Cys295Ser,Lacoste,1,1,1
CAPN3,CCSBVarC017261,ALE00017216,NC_000015.10:42410932:C:T,776C>T,Ala259Val,Lacoste,1,1,1
IMPDH1,CCSBVarC017192,ALE00016351,NC_000007.14:128394326:T:C,1622A>G,Lys541Arg,Lacoste,1,1,1
AHCY,CCSBVarC016784,ALE00016381,NC_000020.11:34290552:G:A,853C>T,Arg285Trp,Lacoste,1,1,1
GFAP,CCSBVarC004677,ALE00004677,NC_000017.11:44911251:T:C,1112A>G,Glu371Gly,Lacoste,1,1,1
NF2,CCSBVarC016641,ALE00016572,NC_000022.11:29604054:C:G,56C>G,Pro19Arg,Lacoste,1,1,1
CAPN3,CCSBVarC017242,ALE00017197,NC_000015.10:42409835:G:A,505G>A,Val169Met,Lacoste,1,1,1
CAPN3,CCSBVarC017230,ALE00017185,NC_000015.10:42403770:G:A,239G>A,Arg80Gln,Lacoste,1,1,1
AHCY,CCSBVarC016695,ALE00015689,NC_000020.11:34285604:G:A,1003C>T,Arg335Cys,Lacoste,1,1,1
IMPDH1,CCSBVarC016391,ALE00016403,NC_000007.14:128409852:G:C,50C>G,Ala17Gly,Lacoste,1,1,1
FARS2,CCSBVarC011924,ALE00012104,NC_000006.12:5545261:T:C,986T>C,Ile329Thr,CAVA,1,1,1
MPDU1,CCSBVarC016434,ALE00016419,NC_000017.11:7586726:A:T,337A>T,Thr113Ser,Lacoste,1,1,1
CFP,CCSBVarC017107,ALE00017121,NC_000023.11:47627576:G:A,469C>T,Arg157Trp,Lacoste,1,1,1
RP2,CCSBVarC014908,ALE00015917,NC_000023.11:46853495:T:C,122T>C,Met41Thr,Lacoste,1,1,1
RAD51D,CCSBVarC024707,ALE00029715,NC_000017.11:35119588:C:G,26G>C,Cys9Ser,CAVA,1,1,1
EFHC1,CCSBVarC002921,ALE00002921,NC_000006.12:52479101:T:C,1343T>C,Met448Thr,Lacoste,1,1,1
CAPN3,CCSBVarC001427,ALE00001427,NC_000015.10:42410429:C:A,581C>A,Thr194Lys,Lacoste,1,1,1
IMPDH1,CCSBVarC016488,ALE00015703,NC_000007.14:128400136:G:A,725C>T,Thr242Met,Lacoste,1,1,1
NF2,CCSBVarC000525,ALE00000525,NC_000022.11:29658247:A:T,409A>T,Asn137Tyr,Lacoste,1,1,1
CRYGC,CCSBVarC016974,ALE00017024,NC_000002.12:208128270:C:T,458G>A,Arg153Gln,Lacoste,1,1,1
CFP,CCSBVarC017124,ALE00017124,NC_000023.11:47627327:C:T,580G>A,Gly194Arg,Lacoste,1,1,1
NF2,CCSBVarC016536,ALE00015651,NC_000022.11:29674882:G:A,1138G>A,Glu380Lys,Lacoste,1,1,1
CFP,CCSBVarC017130,ALE00017127,NC_000023.11:47627198:G:A,709C>T,Pro237Ser,Lacoste,1,1,1
FARS2,CCSBVarC011938,ALE00012867,NC_000006.12:5368973:C:G,403C>G,His135Asp,CAVA,1,1,1
CFP,CCSBVarC017075,ALE00017105,NC_000023.11:47626097:G:C,1205C>G,Ala402Gly,Lacoste,1,1,1
PTPN11,CCSBVarC019185,ALE00027815,NC_000012.12:112486532:G:T,1282G>T,Val428Leu,CAVA,1,1,1
MPDU1,CCSBVarC016473,ALE00016437,NC_000017.11:7587213:C:T,560C>T,Ala187Val,Lacoste,1,1,1
CFP,CCSBVarC010162,ALE00009217,NC_000023.11:47628269:C:T,236G>A,Arg79Gln,Lacoste,1,1,1
TSFM,CCSBVarC017057,ALE00016875,NC_000012.12:57783114:G:C,62G>C,Gly21Ala,Lacoste,1,1,1
CAPN3,CCSBVarC017263,ALE00015710,NC_000015.10:42410952:G:A,796G>A,Asp266Asn,Lacoste,1,1,1
IMPDH1,CCSBVarC016518,ALE00016509,NC_000007.14:128398521:T:C,859A>G,Lys287Glu,Lacoste,1,1,1
MCOLN1,CCSBVarC016362,ALE00016372,NC_000019.10:7528195:C:G,815C>G,Pro272Arg,Lacoste,1,1,1
RP2,CCSBVarC014961,ALE00015952,NC_000023.11:46853701:T:C,328T>C,Cys110Arg,Lacoste,1,1,1
IMPDH1,CCSBVarC017176,ALE00017079,NC_000007.14:128395010:C:T,1321G>A,Ala441Thr,Lacoste,1,1,1
GFAP,CCSBVarC004658,ALE00004658,NC_000017.11:44915266:A:G,221T>C,Met74Thr,Lacoste,1,1,1
CAPN3,CCSBVarC017244,ALE00017199,NC_000015.10:42409951:G:A,535G>A,Gly179Arg,Lacoste,1,1,1
AHCY,CCSBVarC016778,ALE00016373,NC_000020.11:34290791:C:T,706G>A,Gly236Arg,Lacoste,1,1,1
IMPDH1,CCSBVarC017165,ALE00017071,NC_000007.14:128409790:C:A,112G>T,Ala38Ser,Lacoste,1,1,1
PTPN11,CCSBVarC019142,ALE00024058,NC_000012.12:112477651:T:G,854T>G,Phe285Cys,CAVA,1,1,1
AHCY,CCSBVarC000925,ALE00000925,NC_000020.11:34294119:T:C,257A>G,Asp86Gly,Lacoste,1,1,1
MPDU1,CCSBVarC016419,ALE00016404,NC_000017.11:7585777:T:C,149T>C,Ile50Thr,Lacoste,1,1,1
RAD51D,CCSBVarC024750,ALE00036624,NC_000017.11:35119532:C:G,82G>C,Val28Leu,CAVA,1,1,1
RP2,CCSBVarC001706,ALE00001706,NC_000023.11:46853630:G:A,257G>A,Cys86Tyr,Lacoste,1,1,1
IMPDH1,CCSBVarC016495,ALE00016481,NC_000007.14:128400122:T:G,739A>C,Asn247His,Lacoste,1,1,1
MYD88,CCSBVarC015088,ALE00015608,NC_000003.12:38140462:C:T,538C>T,Arg180Trp,Lacoste,1,1,1
SDHD,CCSBVarC023354,ALE00022417,NC_000011.10:112094830:T:C,340T>C,Tyr114His,CAVA,1,1,1
MPDU1,CCSBVarC016469,ALE00016433,NC_000017.11:7586947:C:T,437C>T,Ser146Leu,Lacoste,1,1,1
MPDU1,CCSBVarC016437,ALE00016422,NC_000017.11:7586727:C:T,338C>T,Thr113Met,Lacoste,1,1,1
TSFM,CCSBVarC017065,ALE00015700,NC_000012.12:57796359:G:A,754G>A,Val252Ile,Lacoste,1,1,1
CFP,CCSBVarC017134,ALE00017129,NC_000023.11:47627168:T:A,739A>T,Arg247Trp,Lacoste,1,1,1
CRYGC,CCSBVarC016978,ALE00017028,NC_000002.12:208129641:C:T,52G>A,Glu18Lys,Lacoste,1,1,1
RP2,CCSBVarC011436,ALE00009147,NC_000023.11:46853633:C:T,260C>T,Thr87Ile,Lacoste,1,1,1
RP2,CCSBVarC014972,ALE00015965,NC_000023.11:46853804:A:G,431A>G,Lys144Arg,Lacoste,1,1,1
AHCY,CCSBVarC016776,ALE00016370,NC_000020.11:34290799:C:T,698G>A,Arg233Gln,Lacoste,1,1,1
CFP,CCSBVarC017132,ALE00017128,NC_000023.11:47627191:G:A,716C>T,Pro239Leu,Lacoste,1,1,1
RP2,CCSBVarC015005,ALE00016019,NC_000023.11:46854141:G:C,768G>C,Glu256Asp,Lacoste,1,1,1
CFP,CCSBVarC017135,ALE00017130,NC_000023.11:47626944:C:T,769G>A,Ala257Thr,Lacoste,1,1,1
FARS2,CCSBVarC011917,ALE00014428,NC_000006.12:5545200:G:A,925G>A,Gly309Ser,CAVA,1,1,1
IMPDH1,CCSBVarC016504,ALE00016487,NC_000007.14:128400112:A:G,749T>C,Leu250Pro,Lacoste,1,1,1
GFAP,CCSBVarC004679,ALE00004679,NC_000017.11:44911237:G:A,1126C>T,Arg376Trp,Lacoste,1,1,1
FARS2,CCSBVarC011942,ALE00013134,NC_000006.12:5545248:G:T,973G>T,Asp325Tyr,CAVA,1,1,1
VAPB,CCSBVarC005852,ALE00005852,NC_000020.11:58418289:C:T,137C>T,Thr46Ile,Lacoste,1,1,1
AHCY,CCSBVarC016693,ALE00016287,NC_000020.11:34285607:G:A,1000C>T,Arg334Cys,Lacoste,1,1,1
RP2,CCSBVarC015008,ALE00016021,NC_000023.11:46859990:G:T,771G>T,Met257Ile,Lacoste,1,1,1
NF2,CCSBVarC016547,ALE00015653,NC_000022.11:29678254:G:A,1256G>A,Gly419Asp,Lacoste,1,1,1
MCOLN1,CCSBVarC016322,ALE00016366,NC_000019.10:7528162:C:T,782C>T,Thr261Met,Lacoste,1,1,1
NF2,CCSBVarC015533,ALE00016591,NC_000022.11:29673339:T:C,944T>C,Leu315Pro,Lacoste,1,1,1
MPDU1,CCSBVarC016417,ALE00016402,NC_000017.11:7585765:T:C,137T>C,Leu46Pro,Lacoste,1,1,1
AHCY,CCSBVarC016696,ALE00016290,NC_000020.11:34285582:C:A,1025G>T,Gly342Val,Lacoste,1,1,1
VAPB,CCSBVarC000544,ALE00000544,NC_000020.11:58418318:C:T,166C>T,Pro56Ser,Lacoste,1,1,1
TSFM,CCSBVarC017071,ALE00015701,NC_000012.12:57796401:C:A,796C>A,Leu266Ile,Lacoste,1,1,1
SDHD,CCSBVarC023282,ALE00034646,NC_000011.10:112088899:A:G,202A>G,Ser68Gly,CAVA,1,1,1
RAD51D,CCSBVarC024857,ALE00029786,NC_000017.11:35101353:T:C,751A>G,Ile251Val,CAVA,1,1,1
CRYGC,CCSBVarC014051,ALE00009770,NC_000002.12:208128472:C:A,256G>T,Val86Phe,Lacoste,1,1,1
SDHD,CCSBVarC023281,ALE00037483,NC_000011.10:112087953:A:G,149A>G,His50Arg,CAVA,1,1,1
RAD51D,CCSBVarC024723,ALE00021534,NC_000017.11:35119534:G:T,80C>A,Thr27Lys,CAVA,1,1,1
CFP,CCSBVarC017120,ALE00017122,NC_000023.11:47627575:C:T,470G>A,Arg157Gln,Lacoste,1,1,1
TSFM,CCSBVarC017058,ALE00016877,NC_000012.12:57796252:A:T,647A>T,Tyr216Phe,Lacoste,1,1,1
IMPDH1,CCSBVarC016492,ALE00016479,NC_000007.14:128400128:C:G,733G>C,Glu245Gln,Lacoste,1,1,1
CFP,CCSBVarC017083,ALE00017109,NC_000023.11:47624384:C:G,1301G>C,Arg434Thr,Lacoste,1,1,1
MPDU1,CCSBVarC016485,ALE00016446,NC_000017.11:7587266:A:G,613A>G,Ile205Val,Lacoste,1,1,1
CRYGC,CCSBVarC016960,ALE00017005,NC_000002.12:208128424:T:C,304A>G,Met102Val,Lacoste,1,1,1
CAPN3,CCSBVarC017225,ALE00017180,NC_000015.10:42402914:G:A,121G>A,Glu41Lys,Lacoste,1,1,1
MPDU1,CCSBVarC016392,ALE00016395,NC_000017.11:7583872:G:A,10G>A,Glu4Lys,Lacoste,1,1,1
RAD51D,CCSBVarC024896,ALE00029788,NC_000017.11:35100957:G:A,983C>T,Thr328Ile,CAVA,1,1,1
RAF1,CCSBVarC008862,ALE00012143,NC_000003.12:12599717:C:G,1082G>C,Gly361Ala,CAVA,1,1,1
CFP,CCSBVarC017126,ALE00017125,NC_000023.11:47627264:C:T,643G>A,Glu215Lys,Lacoste,1,1,1
PTPN11,CCSBVarC019050,ALE00028174,NC_000012.12:112446353:C:G,92C>G,Ala31Gly,CAVA,1,1,1
MCOLN1,CCSBVarC016364,ALE00016375,NC_000019.10:7528236:C:A,856C>A,His286Asn,Lacoste,1,1,1
SCARB2,CCSBVarC015967,ALE00015640,NC_000004.12:76163238:C:T,1385G>A,Gly462Glu,Lacoste,1,1,1
IMPDH1,CCSBVarC016463,ALE00016473,NC_000007.14:128409832:G:A,70C>T,Arg24Trp,Lacoste,1,1,1
AQP1,CCSBVarC000138,ALE00000138,NC_000007.14:30912049:A:G,140A>G,Gln47Arg,Lacoste,1,1,1
AQP1,CCSBVarC015072,ALE00015602,NC_000007.14:30922175:G:A,494G>A,Gly165Asp,Lacoste,1,1,1
CTCF,CCSBVarC010816,ALE00008908,NC_000016.10:67636779:C:T,1927C>T,Pro643Ser,CAVA,1,1,1
GFAP,CCSBVarC004663,ALE00004663,NC_000017.11:44915218:A:G,269T>C,Leu90Pro,Lacoste,1,1,1
GFAP,CCSBVarC004681,ALE00004681,NC_000017.11:44908143:C:A,1178G>T,Ser393Ile,Lacoste,1,1,1
IMPDH1,CCSBVarC017187,ALE00016334,NC_000007.14:128394591:T:G,1451A>C,Asp484Ala,Lacoste,1,1,1
RP2,CCSBVarC014947,ALE00015942,NC_000023.11:46853644:A:C,271A>C,Ile91Leu,Lacoste,1,1,1
RP2,CCSBVarC014949,ALE00015944,NC_000023.11:46837128:A:G,28A>G,Lys10Glu,Lacoste,1,1,1
MCOLN1,CCSBVarC016275,ALE00016335,NC_000019.10:7526815:G:T,460G>T,Gly154Cys,Lacoste,1,1,1
AHCY,CCSBVarC016793,ALE00016396,NC_000020.11:34285628:G:A,979C>T,Arg327Trp,Lacoste,1,1,1
MPDU1,CCSBVarC016399,ALE00016399,NC_000017.11:7585755:A:C,127A>C,Ser43Arg,Lacoste,1,1,1
CAPN3,CCSBVarC017271,ALE00017225,NC_000015.10:42411756:C:T,913C>T,Leu305Phe,Lacoste,1,1,1
IMPDH1,CCSBVarC017182,ALE00017092,NC_000007.14:128394950:G:A,1381C>T,Arg461Trp,Lacoste,1,1,1
IMPDH1,CCSBVarC017170,ALE00017075,NC_000007.14:128395244:G:C,1184C>G,Ala395Gly,Lacoste,1,1,1
RP2,CCSBVarC014999,ALE00016012,NC_000023.11:46837168:G:A,68G>A,Arg23Gln,Lacoste,1,1,1
AHCY,CCSBVarC016768,ALE00016364,NC_000020.11:34290812:C:T,685G>A,Ala229Thr,Lacoste,1,1,1
TSFM,CCSBVarC017031,ALE00016804,NC_000012.12:57787067:A:G,388A>G,Arg130Gly,Lacoste,1,1,1
RAF1,CCSBVarC003427,ALE00003427,NC_000003.12:12585745:G:C,1472C>G,Thr491Arg,CAVA,1,1,1
CFP,CCSBVarC017093,ALE00017114,NC_000023.11:47629817:G:C,28C>G,Arg10Gly,Lacoste,1,1,1
NF2,CCSBVarC000526,ALE00000526,NC_000022.11:29673398:C:T,1003C>T,Arg335Cys,Lacoste,1,1,1
GFAP,CCSBVarC004665,ALE00004665,NC_000017.11:44913430:C:T,619G>A,Glu207Lys,Lacoste,1,1,1
AHCY,CCSBVarC016741,ALE00016319,NC_000020.11:34294102:T:C,274A>G,Ile92Val,Lacoste,1,1,1
IMPDH1,CCSBVarC016502,ALE00016485,NC_000007.14:128400120:A:C,741T>G,Asn247Lys,Lacoste,1,1,1
CFP,CCSBVarC001212,ALE00001212,NC_000023.11:47626498:C:G,962G>C,Trp321Ser,Lacoste,1,1,1
MPDU1,CCSBVarC016424,ALE00016409,NC_000017.11:7585965:T:G,189T>G,Phe63Leu,Lacoste,1,1,1
EFHC1,CCSBVarC003448,ALE00003448,NC_000006.12:52452799:T:C,685T>C,Phe229Leu,Lacoste,1,1,1
CAPN3,CCSBVarC017222,ALE00017177,NC_000015.10:42402894:G:A,101G>A,Arg34His,Lacoste,1,1,1
CFP,CCSBVarC017128,ALE00017126,NC_000023.11:47627242:C:T,665G>A,Arg222His,Lacoste,1,1,1
IMPDH1,CCSBVarC002715,ALE00002715,NC_000007.14:128398557:C:T,823G>A,Asp275Asn,Lacoste,1,1,1
RP2,CCSBVarC015011,ALE00016024,NC_000023.11:46860000:G:T,781G>T,Gly261Cys,Lacoste,1,1,1
TSFM,CCSBVarC017039,ALE00016844,NC_000012.12:57793023:C:T,521C>T,Ala174Val,Lacoste,1,1,1
CRYGC,CCSBVarC002785,ALE00002785,NC_000002.12:208129680:T:G,13A>C,Thr5Pro,Lacoste,1,1,1
CAPN3,CCSBVarC005497,ALE00005497,NC_000015.10:42402972:G:A,179G>A,Arg60Gln,Lacoste,1,1,1
NF2,CCSBVarC016543,ALE00016505,NC_000022.11:29678227:C:T,1229C>T,Pro410Leu,Lacoste,1,1,1
CTCF,CCSBVarC010858,ALE00014571,NC_000016.10:67626562:C:G,1365C>G,His455Gln,CAVA,1,1,1
MCOLN1,CCSBVarC016310,ALE00016356,NC_000019.10:7527613:C:T,665C>T,Thr222Met,Lacoste,1,1,1
AHCY,CCSBVarC016729,ALE00015691,NC_000020.11:34281072:A:G,1261T>C,Cys421Arg,Lacoste,1,1,1
CFP,CCSBVarC017055,ALE00017101,NC_000023.11:47626384:C:T,1076G>A,Arg359Gln,Lacoste,1,1,1
RAD51D,CCSBVarC024822,ALE00029930,NC_000017.11:35107074:C:T,394G>A,Val132Ile,CAVA,1,1,1
IMPDH1,CCSBVarC016515,ALE00016507,NC_000007.14:128398529:A:G,851T>C,Leu284Pro,Lacoste,1,1,1
AHCY,CCSBVarC016733,ALE00016307,NC_000020.11:34281041:C:T,1292G>A,Arg431His,Lacoste,1,1,1
RAD51D,CCSBVarC024889,ALE00029718,NC_000017.11:35101021:C:T,919G>A,Glu307Lys,CAVA,1,1,1
FARS2,CCSBVarC011877,ALE00009035,NC_000006.12:5369066:G:A,496G>A,Ala166Thr,CAVA,1,1,1
RAF1,CCSBVarC008858,ALE00013778,NC_000003.12:12604195:A:C,775T>G,Ser259Ala,CAVA,1,1,1
NF2,CCSBVarC016584,ALE00016539,NC_000022.11:29681549:A:G,1436A>G,His479Arg,Lacoste,1,1,1
CAPN3,CCSBVarC017254,ALE00017209,NC_000015.10:42410645:C:G,706C>G,Arg236Gly,Lacoste,1,1,1
TSFM,CCSBVarC017016,ALE00016777,NC_000012.12:57783243:G:A,191G>A,Cys64Tyr,Lacoste,1,1,1
CAPN3,CCSBVarC017259,ALE00017214,NC_000015.10:42410925:C:T,769C>T,Arg257Trp,Lacoste,1,1,1
NF2,CCSBVarC016593,ALE00016548,NC_000022.11:29642260:T:C,173T>C,Leu58Pro,Lacoste,1,1,1
IMPDH1,CCSBVarC002714,ALE00002714,NC_000007.14:128398562:C:G,818G>C,Arg273Pro,Lacoste,1,1,1
AHCY,CCSBVarC016780,ALE00016376,NC_000020.11:34290770:C:T,727G>A,Glu243Lys,Lacoste,1,1,1
MPDU1,CCSBVarC016507,ALE00016455,NC_000017.11:7587469:C:G,662C>G,Ser221Cys,Lacoste,1,1,1
MPDU1,CCSBVarC016414,ALE00016400,NC_000017.11:7585762:G:T,134G>T,Gly45Val,Lacoste,1,1,1
CAPN3,CCSBVarC017262,ALE00017217,NC_000015.10:42410947:A:G,791A>G,Asn264Ser,Lacoste,1,1,1
MCOLN1,CCSBVarC016266,ALE00016327,NC_000019.10:7526768:C:T,413C>T,Ala138Val,Lacoste,1,1,1
RP2,CCSBVarC014992,ALE00016005,NC_000023.11:46854027:A:C,654A>C,Arg218Ser,Lacoste,1,1,1
MCOLN1,CCSBVarC016262,ALE00016325,NC_000019.10:7526568:G:A,367G>A,Glu123Lys,Lacoste,1,1,1
MCOLN1,CCSBVarC016281,ALE00016343,NC_000019.10:7526893:G:A,538G>A,Asp180Asn,Lacoste,1,1,1
GFAP,CCSBVarC004666,ALE00004666,NC_000017.11:44913421:C:T,628G>A,Glu210Lys,Lacoste,1,1,1
MPDU1,CCSBVarC016479,ALE00016441,NC_000017.11:7587242:T:C,589T>C,Ser197Pro,Lacoste,1,1,1
GFAP,CCSBVarC000367,ALE00000367,NC_000017.11:44913276:C:G,773G>C,Arg258Pro,Lacoste,1,1,1
MPDU1,CCSBVarC016445,ALE00016431,NC_000017.11:7586920:A:G,410A>G,Tyr137Cys,Lacoste,1,1,1
CAPN3,CCSBVarC017237,ALE00017192,NC_000015.10:42409330:A:G,406A>G,Ser136Gly,Lacoste,1,1,1
CRYGC,CCSBVarC016954,ALE00016999,NC_000002.12:208129463:C:T,230G>A,Arg77His,Lacoste,1,1,1
SDHD,CCSBVarC023305,ALE00021471,NC_000011.10:112088966:C:A,269C>A,Ala90Glu,CAVA,1,1,1
CAPN3,CCSBVarC005496,ALE00005496,NC_000015.10:42402956:G:T,163G>T,Gly55Trp,Lacoste,1,1,1
TSFM,CCSBVarC017064,ALE00016894,NC_000012.12:57783125:C:A,73C>A,Arg25Ser,Lacoste,1,1,1
PTPN11,CCSBVarC019082,ALE00030897,NC_000012.12:112450398:C:T,218C>T,Thr73Ile,CAVA,1,1,1
TSFM,CCSBVarC017067,ALE00016928,NC_000012.12:57796368:C:T,763C>T,Arg255Cys,Lacoste,1,1,1
CFP,CCSBVarC017122,ALE00017123,NC_000023.11:47627563:C:T,482G>A,Arg161Gln,Lacoste,1,1,1
GFAP,CCSBVarC004675,ALE00004675,NC_000017.11:44911273:C:G,1090G>C,Ala364Pro,Lacoste,1,1,1
MCOLN1,CCSBVarC016317,ALE00015647,NC_000019.10:7525000:C:A,71C>A,Thr24Asn,Lacoste,1,1,1
RP2,CCSBVarC014958,ALE00015950,NC_000023.11:46853687:G:A,314G>A,Cys105Tyr,Lacoste,1,1,1
TSFM,CCSBVarC017088,ALE00016957,NC_000012.12:57783149:A:G,97A>G,Thr33Ala,Lacoste,1,1,1
CRYGC,CCSBVarC002786,ALE00002786,NC_000002.12:208128226:G:A,502C>T,Arg168Trp,Lacoste,1,1,1
FARS2,CCSBVarC011880,ALE00010797,NC_000006.12:5368578:G:T,8G>T,Gly3Val,CAVA,1,1,1
MYD88,CCSBVarC000007,ALE00000007,NC_000003.12:38138978:T:C,278T>C,Leu93Pro,Lacoste,1,1,1
CFP,CCSBVarC017097,ALE00017116,NC_000023.11:47628192:C:T,313G>A,Val105Met,Lacoste,1,1,1
PTPN11,CCSBVarC019118,ALE00030589,NC_000012.12:112454594:C:T,556C>T,Arg186Trp,CAVA,1,1,1
IMPDH1,CCSBVarC017193,ALE00016354,NC_000007.14:128394290:T:C,1658A>G,His553Arg,Lacoste,1,1,1
MCOLN1,CCSBVarC016259,ALE00016323,NC_000019.10:7526566:G:A,365G>A,Arg122Gln,Lacoste,1,1,1
CRYGC,CCSBVarC014021,ALE00010399,NC_000002.12:208128457:G:A,271C>T,Arg91Trp,Lacoste,1,1,1
RP2,CCSBVarC015017,ALE00016031,NC_000023.11:46860048:G:A,829G>A,Ala277Thr,Lacoste,1,1,1
IMPDH1,CCSBVarC017196,ALE00016384,NC_000007.14:128401059:G:C,352C>G,Pro118Ala,Lacoste,1,1,1
CFP,CCSBVarC017077,ALE00017106,NC_000023.11:47626079:G:A,1223C>T,Thr408Ile,Lacoste,1,1,1
GFAP,CCSBVarC000365,ALE00000365,NC_000017.11:44915347:G:A,140C>T,Pro47Leu,Lacoste,1,1,1
TSFM,CCSBVarC017018,ALE00016782,NC_000012.12:57783270:G:C,218G>C,Gly73Ala,Lacoste,1,1,1
CAPN3,CCSBVarC001428,ALE00001428,NC_000015.10:42411299:C:A,857C>A,Ala286Glu,Lacoste,1,1,1
RP2,CCSBVarC001709,ALE00001709,NC_000023.11:46860063:C:T,844C>T,Arg282Trp,Lacoste,1,1,1
MCOLN1,CCSBVarC016202,ALE00016298,NC_000019.10:7528936:C:T,1100C>T,Ser367Leu,Lacoste,1,1,1
AQP1,CCSBVarC000137,ALE00000137,NC_000007.14:30912022:C:T,113C>T,Pro38Leu,Lacoste,1,1,1
TSFM,CCSBVarC017084,ALE00016951,NC_000012.12:57796483:C:T,878C>T,Ser293Phe,Lacoste,1,1,1
NF2,CCSBVarC000527,ALE00000527,NC_000022.11:29681468:T:C,1355T>C,Leu452Pro,Lacoste,1,1,1
NF2,CCSBVarC016632,ALE00016563,NC_000022.11:29658230:T:C,392T>C,Leu131Pro,Lacoste,1,1,1
RP2,CCSBVarC015023,ALE00016039,NC_000023.11:46877510:G:C,889G>C,Val297Leu,Lacoste,1,1,1
CAPN3,CCSBVarC017228,ALE00017183,NC_000015.10:42402972:G:C,179G>C,Arg60Pro,Lacoste,1,1,1
AHCY,CCSBVarC000927,ALE00000927,NC_000020.11:34292375:T:C,428A>G,Tyr143Cys,Lacoste,1,1,1
MPDU1,CCSBVarC016509,ALE00015650,NC_000017.11:7587480:G:A,673G>A,Gly225Ser,Lacoste,1,1,1
CAPN3,CCSBVarC017257,ALE00017212,NC_000015.10:42410908:A:G,752A>G,Tyr251Cys,Lacoste,1,1,1
RAF1,CCSBVarC008857,ALE00008509,NC_000003.12:12618656:A:C,66T>G,Phe22Leu,CAVA,1,1,1
CFP,CCSBVarC017095,ALE00017115,NC_000023.11:47628197:C:T,308G>A,Arg103His,Lacoste,1,1,1
AHCY,CCSBVarC016751,ALE00016326,NC_000020.11:34292430:G:C,373C>G,Leu125Val,Lacoste,1,1,1
SDHD,CCSBVarC023299,ALE00031294,NC_000011.10:112088952:G:C,255G>C,Leu85Phe,CAVA,1,1,1
AHCY,CCSBVarC016743,ALE00016322,NC_000020.11:34294083:G:A,293C>T,Pro98Leu,Lacoste,1,1,1
CAPN3,CCSBVarC017258,ALE00017213,NC_000015.10:42410910:G:A,754G>A,Asp252Asn,Lacoste,1,1,1
RP2,CCSBVarC014902,ALE00015881,NC_000023.11:46879762:G:C,1046G>C,Gly349Ala,Lacoste,1,1,1
IMPDH1,CCSBVarC006915,ALE00006913,NC_000007.14:128400828:G:A,460C>T,Arg154Trp,Lacoste,1,1,1
IMPDH1,CCSBVarC016508,ALE00016499,NC_000007.14:128398560:T:G,820A>C,Thr274Pro,Lacoste,1,1,1
PTPN11,CCSBVarC019073,ALE00032855,NC_000012.12:112450364:T:A,184T>A,Tyr62Asn,CAVA,1,1,1
TSFM,CCSBVarC017029,ALE00016799,NC_000012.12:57782835:G:T,34G>T,Val12Phe,Lacoste,1,1,1
CFP,CCSBVarC008473,ALE00008435,NC_000023.11:47627159:C:T,748G>A,Gly250Ser,Lacoste,1,1,1
NF2,CCSBVarC016541,ALE00015652,NC_000022.11:29678200:T:C,1202T>C,Met401Thr,Lacoste,1,1,1
NF2,CCSBVarC016528,ALE00016474,NC_000022.11:29673426:A:C,1031A>C,Glu344Ala,Lacoste,1,1,1
RP2,CCSBVarC015014,ALE00016026,NC_000023.11:46860001:G:T,782G>T,Gly261Val,Lacoste,1,1,1
TSFM,CCSBVarC017080,ALE00016946,NC_000012.12:57796431:G:C,826G>C,Gly276Arg,Lacoste,1,1,1
MPDU1,CCSBVarC016501,ALE00016450,NC_000017.11:7587451:G:A,644G>A,Gly215Glu,Lacoste,1,1,1
PTPN11,CCSBVarC019065,ALE00028486,NC_000012.12:112450359:G:A,179G>A,Gly60Asp,CAVA,1,1,1
AHCY,CCSBVarC016698,ALE00016292,NC_000020.11:34295510:A:G,104T>C,Met35Thr,Lacoste,1,1,1
CFP,CCSBVarC017103,ALE00017119,NC_000023.11:47627633:C:T,412G>A,Gly138Ser,Lacoste,1,1,1
RP2,CCSBVarC014952,ALE00015946,NC_000023.11:46853653:G:C,280G>C,Gly94Arg,Lacoste,1,1,1
RAF1,CCSBVarC008878,ALE00014147,NC_000003.12:12604194:G:T,776C>A,Ser259Tyr,CAVA,1,1,1
CFP,CCSBVarC017085,ALE00017110,NC_000023.11:47624376:G:T,1309C>A,Pro437Thr,Lacoste,1,1,1
RP2,CCSBVarC005281,ALE00005281,NC_000023.11:46853726:G:T,353G>T,Arg118Leu,Lacoste,1,1,1
AHCY,CCSBVarC016725,ALE00016301,NC_000020.11:34281143:G:A,1190C>T,Ala397Val,Lacoste,1,1,1
EFHC1,CCSBVarC002919,ALE00002919,NC_000006.12:52438493:C:T,475C>T,Arg159Trp,Lacoste,1,1,1
MPDU1,CCSBVarC016429,ALE00016413,NC_000017.11:7586006:A:C,230A>C,Gln77Pro,Lacoste,1,1,1
EFHC1,CCSBVarC017143,ALE00015707,NC_000006.12:52438493:C:G,475C>G,Arg159Gly,Lacoste,1,1,1
TSFM,CCSBVarC017069,ALE00016933,NC_000012.12:57796380:C:T,775C>T,His259Tyr,Lacoste,1,1,1
SDHD,CCSBVarC023367,ALE00021764,NC_000011.10:112094903:G:T,413G>T,Gly138Val,CAVA,1,1,1
MPDU1,CCSBVarC016447,ALE00016432,NC_000017.11:7583905:C:T,43C>T,Pro15Ser,Lacoste,1,1,1
RP2,CCSBVarC014984,ALE00015993,NC_000023.11:46853966:A:G,593A>G,Tyr198Cys,Lacoste,1,1,1
GFAP,CCSBVarC004664,ALE00004664,NC_000017.11:44913733:C:T,613G>A,Glu205Lys,Lacoste,1,1,1
CFP,CCSBVarC004314,ALE00004314,NC_000023.11:47626062:A:C,1240T>G,Tyr414Asp,Lacoste,1,1,1
MPDU1,CCSBVarC016516,ALE00016463,NC_000017.11:7587531:A:C,724A>C,Lys242Gln,Lacoste,1,1,1
CFP,CCSBVarC017087,ALE00017111,NC_000023.11:47624316:G:A,1369C>T,His457Tyr,Lacoste,1,1,1
RP2,CCSBVarC001708,ALE00001708,NC_000023.11:46854131:T:G,758T>G,Leu253Arg,Lacoste,1,1,1
PTPN11,CCSBVarC019139,ALE00030460,NC_000012.12:112473011:A:C,824A>C,Asn275Thr,CAVA,1,1,1
MPDU1,CCSBVarC016503,ALE00015649,NC_000017.11:7587459:G:T,652G>T,Val218Leu,Lacoste,1,1,1
EFHC1,CCSBVarC001264,ALE00001264,NC_000006.12:52424111:C:A,229C>A,Pro77Thr,Lacoste,1,1,1
CAPN3,CCSBVarC017227,ALE00017182,NC_000015.10:42402971:C:T,178C>T,Arg60Trp,Lacoste,1,1,1
RAD51D,CCSBVarC024807,ALE00021596,NC_000017.11:35118568:C:A,196G>T,Val66Leu,CAVA,1,1,1
CFP,CCSBVarC017139,ALE00017132,NC_000023.11:47629663:C:T,88G>A,Val30Met,Lacoste,1,1,1
GFAP,CCSBVarC004661,ALE00004661,NC_000017.11:44915252:G:T,235C>A,Arg79Ser,Lacoste,1,1,1
CAPN3,CCSBVarC005495,ALE00005495,NC_000015.10:42402879:G:A,86G>A,Arg29Gln,Lacoste,1,1,1
AHCY,CCSBVarC016722,ALE00016299,NC_000020.11:34285483:T:C,1124A>G,His375Arg,Lacoste,1,1,1
GFAP,CCSBVarC004671,ALE00004671,NC_000017.11:44913279:T:C,770A>G,Tyr257Cys,Lacoste,1,1,1
NF2,CCSBVarC016639,ALE00016570,NC_000022.11:29661334:A:G,556A>G,Lys186Glu,Lacoste,1,1,1
CRYGC,CCSBVarC016934,ALE00016997,NC_000002.12:208129464:G:A,229C>T,Arg77Cys,Lacoste,1,1,1
RP2,CCSBVarC014989,ALE00016001,NC_000023.11:46854023:A:G,650A>G,Asn217Ser,Lacoste,1,1,1
SDHD,CCSBVarC023321,ALE00022517,NC_000011.10:112089002:A:C,305A>C,His102Pro,CAVA,1,1,1
SCARB2,CCSBVarC000388,ALE00000388,NC_000004.12:76169893:G:T,1087C>A,His363Asn,Lacoste,1,1,1
TSFM,CCSBVarC017061,ALE00016886,NC_000012.12:57796323:T:C,718T>C,Cys240Arg,Lacoste,1,1,1
RAD51D,CCSBVarC024892,ALE00029928,NC_000017.11:35101018:T:C,922A>G,Met308Val,CAVA,1,1,1
CRYGC,CCSBVarC016932,ALE00016995,NC_000002.12:208129473:C:T,220G>A,Asp74Asn,Lacoste,1,1,1
NF2,CCSBVarC016578,ALE00016533,NC_000022.11:29681497:G:A,1384G>A,Glu462Lys,Lacoste,1,1,1
MPDU1,CCSBVarC016443,ALE00015648,NC_000017.11:7586913:G:C,403G>C,Ala135Pro,Lacoste,1,1,1
CAPN3,CCSBVarC017223,ALE00017178,NC_000015.10:42402900:G:A,107G>A,Arg36His,Lacoste,1,1,1
TSFM,CCSBVarC017035,ALE00015699,NC_000012.12:57782806:C:T,5C>T,Ser2Leu,Lacoste,1,1,1
RAF1,CCSBVarC008836,ALE00008515,NC_000003.12:12618603:C:T,119G>A,Arg40His,CAVA,1,1,1
MCOLN1,CCSBVarC016319,ALE00016363,NC_000019.10:7525006:C:T,77C>T,Ala26Val,Lacoste,1,1,1
NF2,CCSBVarC016531,ALE00016477,NC_000022.11:29674868:T:G,1124T>G,Leu375Arg,Lacoste,1,1,1
NF2,CCSBVarC016619,ALE00016554,NC_000022.11:29655601:A:G,275A>G,Asn92Ser,Lacoste,1,1,1
CFP,CCSBVarC017072,ALE00017103,NC_000023.11:47626122:G:A,1180C>T,Pro394Ser,Lacoste,1,1,1
SCARB2,CCSBVarC015969,ALE00015641,NC_000004.12:76181015:C:T,362G>A,Arg121Gln,Lacoste,1,1,1
MPDU1,CCSBVarC005848,ALE00005848,NC_000017.11:7583864:T:C,2T>C,Met1Thr,Lacoste,1,1,1
CRYGC,CCSBVarC016917,ALE00016974,NC_000002.12:208129568:C:T,125G>A,Cys42Tyr,Lacoste,1,1,1
SDHD,CCSBVarC023323,ALE00032062,NC_000011.10:112089002:A:G,305A>G,His102Arg,CAVA,1,1,1
GFAP,CCSBVarC004674,ALE00004674,NC_000017.11:44911293:A:G,1070T>C,Leu357Pro,Lacoste,1,1,1
TSFM,CCSBVarC017066,ALE00016926,NC_000012.12:57796365:C:T,760C>T,Arg254Cys,Lacoste,1,1,1
RAD51D,CCSBVarC024801,ALE00032628,NC_000017.11:35118597:A:C,167T>G,Val56Gly,CAVA,1,1,1
CAPN3,CCSBVarC017235,ALE00017190,NC_000015.10:42408296:G:A,350G>A,Ser117Asn,Lacoste,1,1,1
CFP,CCSBVarC017089,ALE00017112,NC_000023.11:47629542:C:T,209G>A,Gly70Glu,Lacoste,1,1,1
RP2,CCSBVarC014914,ALE00015924,NC_000023.11:46853534:C:T,161C>T,Pro54Leu,Lacoste,1,1,1
GFAP,CCSBVarC004657,ALE00004657,NC_000017.11:44915269:A:C,218T>G,Met73Arg,Lacoste,1,1,1
RP2,CCSBVarC015002,ALE00016016,NC_000023.11:46854138:T:A,765T>A,Asp255Glu,Lacoste,1,1,1
MPDU1,CCSBVarC016476,ALE00016439,NC_000017.11:7587226:C:A,573C>A,Phe191Leu,Lacoste,1,1,1
NF2,CCSBVarC016554,ALE00016522,NC_000022.11:29678299:T:C,1301T>C,Leu434Pro,Lacoste,1,1,1
PTPN11,CCSBVarC019115,ALE00033122,NC_000012.12:112453278:A:G,416A>G,Glu139Gly,CAVA,1,1,1
CTCF,CCSBVarC010851,ALE00013946,NC_000016.10:67616816:C:T,1024C>T,Arg342Cys,CAVA,1,1,1
CAPN3,CCSBVarC017240,ALE00017195,NC_000015.10:42402842:G:A,49G>A,Ala17Thr,Lacoste,1,1,1
IMPDH1,CCSBVarC017180,ALE00017083,NC_000007.14:128395003:G:A,1328C>T,Thr443Met,Lacoste,1,1,1
MPDU1,CCSBVarC016482,ALE00016443,NC_000017.11:7587252:G:A,599G>A,Arg200Gln,Lacoste,1,1,1
VAPB,CCSBVarC015540,ALE00015655,NC_000020.11:58440996:T:A,486T>A,Asp162Glu,Lacoste,1,1,1
GFAP,CCSBVarC004662,ALE00004662,NC_000017.11:44915225:G:A,262C>T,Arg88Cys,Lacoste,1,1,1
CAPN3,CCSBVarC017268,ALE00017222,NC_000015.10:42410995:T:A,839T>A,Met280Lys,Lacoste,1,1,1
CFP,CCSBVarC017079,ALE00017107,NC_000023.11:47626065:T:C,1237A>G,Lys413Glu,Lacoste,1,1,1
TSFM,CCSBVarC017025,ALE00016795,NC_000012.12:57786200:G:A,269G>A,Gly90Asp,Lacoste,1,1,1
CAPN3,CCSBVarC017255,ALE00017210,NC_000015.10:42410663:G:A,724G>A,Ala242Thr,Lacoste,1,1,1
CFP,CCSBVarC017053,ALE00017100,NC_000023.11:47629647:T:C,104A>G,Gln35Arg,Lacoste,1,1,1
CAPN3,CCSBVarC017224,ALE00017179,NC_000015.10:42402913:C:A,120C>A,Ser40Arg,Lacoste,1,1,1
CFP,CCSBVarC017081,ALE00017108,NC_000023.11:47624394:A:C,1291T>G,Phe431Val,Lacoste,1,1,1
SDHD,CCSBVarC023265,ALE00022446,NC_000011.10:112087895:A:G,91A>G,Ile31Val,CAVA,1,1,1
MPDU1,CCSBVarC016498,ALE00016448,NC_000017.11:7587438:C:G,631C>G,Pro211Ala,Lacoste,1,1,1
IMPDH1,CCSBVarC016389,ALE00016394,NC_000007.14:128400537:C:G,474G>C,Lys158Asn,Lacoste,1,1,1
AHCY,CCSBVarC016759,ALE00016342,NC_000020.11:34291451:G:A,526C>T,Pro176Ser,Lacoste,1,1,1
CAPN3,CCSBVarC017243,ALE00017198,NC_000015.10:42409938:C:G,522C>G,Asp174Glu,Lacoste,1,1,1
MPDU1,CCSBVarC016471,ALE00016434,NC_000017.11:7583915:T:C,53T>C,Leu18Ser,Lacoste,1,1,1
MPDU1,CCSBVarC016439,ALE00016425,NC_000017.11:7586766:A:C,377A>C,Gln126Pro,Lacoste,1,1,1
IMPDH1,CCSBVarC016506,ALE00016496,NC_000007.14:128398563:G:A,817C>T,Arg273Cys,Lacoste,1,1,1
IMPDH1,CCSBVarC016409,ALE00016465,NC_000007.14:128400391:A:G,620T>C,Val207Ala,Lacoste,1,1,1
CAPN3,CCSBVarC017256,ALE00017211,NC_000015.10:42410889:C:T,733C>T,His245Tyr,Lacoste,1,1,1
CFP,CCSBVarC017137,ALE00017131,NC_000023.11:47626848:G:A,865C>T,Pro289Ser,Lacoste,1,1,1
MCOLN1,CCSBVarC016247,ALE00016314,NC_000019.10:7526449:T:G,248T>G,Phe83Cys,Lacoste,1,1,1
IMPDH1,CCSBVarC002716,ALE00002716,NC_000007.14:128398431:C:T,949G>A,Val317Ile,Lacoste,1,1,1
SDHD,CCSBVarC023285,ALE00029807,NC_000011.10:112088902:G:A,205G>A,Glu69Lys,CAVA,1,1,1
IMPDH1,CCSBVarC016393,ALE00016406,NC_000007.14:128400485:C:T,526G>A,Val176Met,Lacoste,1,1,1
MYD88,CCSBVarC015094,ALE00015610,NC_000003.12:38138780:T:C,80T>C,Met27Thr,Lacoste,1,1,1
MCOLN1,CCSBVarC016359,ALE00016368,NC_000019.10:7528165:T:C,785T>C,Phe262Ser,Lacoste,1,1,1
CAPN3,CCSBVarC017249,ALE00017204,NC_000015.10:42410450:A:C,602A>C,Asn201Thr,Lacoste,1,1,1
CFP,CCSBVarC010166,ALE00010680,NC_000023.11:47629594:C:T,157G>A,Val53Met,Lacoste,1,1,1
AHCY,CCSBVarC016727,ALE00016303,NC_000020.11:34281110:T:C,1223A>G,Lys408Arg,Lacoste,1,1,1
XRCC2,CCSBVarC005690,ALE00005690,NC_000007.14:152648677:A:C,808T>G,Phe270Val,CAVA,1,1,1
FARS2,CCSBVarC011914,ALE00013136,NC_000006.12:5368994:G:T,424G>T,Asp142Tyr,CAVA,1,1,1
MPDU1,CCSBVarC016426,ALE00016411,NC_000017.11:7583885:C:T,23C>T,Pro8Leu,Lacoste,1,1,1
RAF1,CCSBVarC008896,ALE00012137,NC_000003.12:12604189:G:T,781C>A,Pro261Thr,CAVA,1,1,1
PTPN11,CCSBVarC019180,ALE00018005,NC_000012.12:112482155:G:A,1174G>A,Ala392Thr,CAVA,1,1,1
GFAP,CCSBVarC004667,ALE00004667,NC_000017.11:44913345:A:G,704T>C,Leu235Pro,Lacoste,1,1,1
CRYGC,CCSBVarC014016,ALE00009799,NC_000002.12:208129550:C:T,143G>A,Arg48His,Lacoste,1,1,1
GFAP,CCSBVarC000368,ALE00000368,NC_000017.11:44911242:T:C,1121A>G,Glu374Gly,Lacoste,1,1,1
PTPN11,CCSBVarC019044,ALE00030612,NC_000012.12:112419121:C:G,10C>G,Arg4Gly,CAVA,1,1,1
CRYGC,CCSBVarC016964,ALE00017011,NC_000002.12:208128364:G:A,364C>T,Arg122Cys,Lacoste,1,1,1
IMPDH1,CCSBVarC016466,ALE00016476,NC_000007.14:128409831:C:G,71G>C,Arg24Pro,Lacoste,1,1,1
MCOLN1,CCSBVarC016205,ALE00016300,NC_000019.10:7529174:G:A,1208G>A,Arg403His,Lacoste,1,1,1
SDHD,CCSBVarC023331,ALE00031717,NC_000011.10:112094807:G:T,317G>T,Gly106Val,CAVA,1,1,1
MYD88,CCSBVarC015091,ALE00015609,NC_000003.12:38140528:A:C,604A>C,Thr202Pro,Lacoste,1,1,1
CRYGC,CCSBVarC016915,ALE00016971,NC_000002.12:208129572:C:T,121G>A,Gly41Ser,Lacoste,1,1,1
MPDU1,CCSBVarC016395,ALE00016397,NC_000017.11:7585749:C:G,121C>G,Leu41Val,Lacoste,1,1,1
EFHC1,CCSBVarC001266,ALE00001266,NC_000006.12:52469375:G:T,1180G>T,Ala394Ser,Lacoste,1,1,1
IMPDH1,CCSBVarC017188,ALE00016337,NC_000007.14:128394561:C:T,1481G>A,Gly494Asp,Lacoste,1,1,1
NF2,CCSBVarC016545,ALE00016508,NC_000022.11:29678229:G:C,1231G>C,Asp411His,Lacoste,1,1,1
VAPB,CCSBVarC015538,ALE00015654,NC_000020.11:58439019:T:G,390T>G,Asp130Glu,Lacoste,1,1,1
RP2,CCSBVarC014975,ALE00015978,NC_000023.11:46853854:G:T,481G>T,Asp161Tyr,Lacoste,1,1,1
RAD51D,CCSBVarC024711,ALE00031239,NC_000017.11:35119546:T:C,68A>G,His23Arg,CAVA,1,1,1
IMPDH1,CCSBVarC016524,ALE00016535,NC_000007.14:128398520:T:C,860A>G,Lys287Arg,Lacoste,1,1,1
IMPDH1,CCSBVarC017172,ALE00017076,NC_000007.14:128409772:C:G,130G>C,Gly44Arg,Lacoste,1,1,1
RP2,CCSBVarC014986,ALE00015997,NC_000023.11:46854001:G:A,628G>A,Val210Ile,Lacoste,1,1,1
EFHC1,CCSBVarC003446,ALE00003446,NC_000006.12:52438538:A:G,520A>G,Ile174Val,Lacoste,1,1,1
CFP,CCSBVarC017101,ALE00017118,NC_000023.11:47628114:G:C,391C>G,Gln131Glu,Lacoste,1,1,1
AQP1,CCSBVarC000139,ALE00000139,NC_000007.14:30922590:C:A,576C>A,Asn192Lys,Lacoste,1,1,1
RP2,CCSBVarC014978,ALE00015981,NC_000023.11:46837149:C:T,49C>T,Pro17Ser,Lacoste,1,1,1
TSFM,CCSBVarC017062,ALE00016889,NC_000012.12:57796324:G:C,719G>C,Cys240Ser,Lacoste,1,1,1
RP2,CCSBVarC015032,ALE00016049,NC_000023.11:46877562:T:C,941T>C,Ile314Thr,Lacoste,1,1,1
AHCY,CCSBVarC016719,ALE00015690,NC_000020.11:34295502:G:A,112C>T,Arg38Trp,Lacoste,1,1,1
CAPN3,CCSBVarC017232,ALE00017187,NC_000015.10:42408212:C:T,266C>T,Pro89Leu,Lacoste,1,1,1
