orf_id	mutation_id	entry_plate	entry_well	ccsb_mutation_id	nt_change	seq_confirmation	seq_confirmation_class
25	0	DisWTGDEh02	F08			1	1
115	0	DisWTGDEh01	E12			0	99
138	0	DisWTGDEh01	H02			1	1
143	0	DisWTGDEh03	B10			1	1
145	0	DisWTGDEh04	E02			1	1
253	0	DisWTGDEh01	G06			1	1
268	0	DisWTGDEh02	H08			0	99
268	713	VUSmut_GDEh12	A09	CCSBVarC000019	200C>T	1	1
268	714	VUSmut_GDEh12	B09	CCSBVarC000020	718C>G	1	1
268	715	VUSmut_GDEh12	C09	CCSBVarC000021	1208G>T	1	1
281	0	DisWTGDEh03	E03			1	1
281	1	VUSmut_GDEh03	F03	CCSBVarC007113	14T>C	1	1
281	3	VUSmut_GDEh03	G03	CCSBVarC007114	59A>C	1	1
281	4	VUSmut_GDEh03	H03	CCSBVarC007115	122T>C	1	1
281	5	VUSmut_GDEh03	A04	CCSBVarC007116	155G>A	0	3
281	6	VUSmut_GDEh03	B04	CCSBVarC007117	238G>A	1	1
281	7	VUSmut_GDEh03	C04	CCSBVarC007118	302G>A	1	1
281	8	VUSmut_GDEh03	D04	CCSBVarC007119	317G>A	1	1
281	10	VUSmut_GDEh03	E04	CCSBVarC007120	346T>C	0	3
281	11	VUSmut_GDEh03	F04	CCSBVarC004836	442G>A	0	3
281	12	VUSmut_GDEh03	G04	CCSBVarC007121	494C>T	1	1
281	13	VUSmut_GDEh03	H04	CCSBVarC000027	500C>T	1	1
281	14	VUSmut_GDEh03	A05	CCSBVarC007122	598C>T	1	1
281	18	VUSmut_GDEh03	B05	CCSBVarC007125	764T>C	1	1
281	19	VUSmut_GDEh03	C05	CCSBVarC007126	802A>G	1	1
281	20	VUSmut_GDEh03	D05	CCSBVarC007127	803T>C	0	3
281	21	VUSmut_GDEh03	E05	CCSBVarC007128	832G>A	1	1
281	22	VUSmut_GDEh03	F05	CCSBVarC007129	857C>T	0	3
281	23	VUSmut_GDEh03	G05	CCSBVarC000029	902A>C	0	3
281	27	VUSmut_GDEh03	H05	CCSBVarC007132	1129G>A	0	5
281	28	VUSmut_GDEh03	A06	CCSBVarC007133	1156G>A	1	1
281	29	VUSmut_GDEh03	B06	CCSBVarC007134	1163G>A	1	1
281	727	VUSmut_GDEh13	E03	CCSBVarC000026	60T>A	1	1
281	744	VUSmut_GDEh13	F03	CCSBVarC000028	613A>G	1	1
281	200087	VUSmut_GDEh08	B01	CCSBVarC004834	357C>G	1	1
281	200091	VUSmut_GDEh08	B04	CCSBVarC004837	625A>G	1	1
281	200092	VUSmut_GDEh08	A05	CCSBVarC004838	632G>C	3	3
281	200093	VUSmut_GDEh08	G06	CCSBVarC004841	748G>A	1	1
281	200095	VUSmut_GDEh06	G06	CCSBVarC004840	728C>T	1	1
281	200097	VUSmut_GDEh08	C10	CCSBVarC004844	863C>T	1	1
281	200098	VUSmut_GDEh08	B11	CCSBVarC004845	877G>A	0	6
281	200099	VUSmut_GDEh08	H07	CCSBVarC004842	794T>C	1	1
281	200100	VUSmut_GDEh06	G07	CCSBVarC004847	986G>A	1	1
300	0	DisWTGDEh01	A01			0	99
329	0	DisWTGDEh01	C05			1	1
386	0	DisWTGDEh02	E10			1	1
386	213658	VUSmut_GDEh05	D11	CCSBVarC005621	545G>A	1	1
386	213659	VUSmut_GDEh06	A03	CCSBVarC005623	559G>A	1	1
386	213660	VUSmut_GDEh06	C01	CCSBVarC005624	562C>T	1	1
386	213661	VUSmut_GDEh06	F01	CCSBVarC005622	545G>T	1	1
510	0	DisWTGDEh02	B05			1	1
510	1850	VUSmut_GDEh11	B05	CCSBVarC008431	554G>A	1	1
510	200304	VUSmut_GDEh05	G02	CCSBVarC006056	382G>C	1	1
513	0	DisWTGDEh03	F11			0	99
513	213752	VUSmut_GDEh05	C04	CCSBVarC005691	184C>T	1	1
513	213753	VUSmut_GDEh06	E01	CCSBVarC005692	427C>T	1	1
513	213754	VUSmut_GDEh06	H02	CCSBVarC005693	431T>C	1	1
636	0	DisWTGDEh03	G11			0	99
747	0	DisWTGDEh01	C11			1	1
835	0	DisWTGDEh03	H05			1	1
888	0	DisWTGDEh02	G10			1	1
1063	0	DisWTGDEh02	C06			1	1
1063	200371	VUSmut_GDEh09	C03	CCSBVarC006621	859G>C	0	99
1155	0	DisWTGDEh02	F01			1	1
1231	0	DisWTGDEh04	A01			1	1
1256	0	DisWTGDEh03	D08			1	1
1256	214007	VUSmut_GDEh06	E07	CCSBVarC005557	232A>G	1	1
1256	214008	VUSmut_GDEh06	E06	CCSBVarC005556	230C>A	1	1
1256	214009	VUSmut_GDEh06	F08	CCSBVarC005558	254A>C	1	1
1256	214010	VUSmut_GDEh06	F09	CCSBVarC005559	491G>T	1	1
1284	0	DisWTGDEh04	B01			1	1
1485	0	DisWTGDEh02	A06			0	6
1598	0	DisWTGDEh01	C07			1	1
1598	532	VUSmut_GDEh11	A02	CCSBVarC008432	688C>T	1	1
1601	0	DisWTGDEh01	G09			1	1
1601	1754	VUSmut_GDEh11	H07	CCSBVarC008433	209A>G	0	5
1601	2804	VUSmut_GDEh13	F07	CCSBVarC000180	1277A>G	1	1
1601	2813	VUSmut_GDEh13	E07	CCSBVarC000181	2288A>T	1	1
1668	0	DisWTGDEh02	D12			1	1
1668	1855	VUSmut_GDEh11	C02	CCSBVarC008434	577G>A	1	1
1668	214082	VUSmut_GDEh06	D01	CCSBVarC005990	25G>T	1	1
1668	214083	VUSmut_GDEh05	H09	CCSBVarC005991	68A>C	1	1
1668	214084	VUSmut_GDEh05	B03	CCSBVarC005992	70A>G	1	1
1668	214086	VUSmut_GDEh06	G02	CCSBVarC005993	266A>G	1	1
1841	0	DisWTGDEh03	G01			0	99
1884	0	DisWTGDEh03	E09			0	99
1884	2942	VUSmut_GDEh13	A07	CCSBVarC000204	8C>T	0	7
1884	2943	VUSmut_GDEh13	D07	CCSBVarC000205	26C>T	1	1
1884	2945	VUSmut_GDEh13	B07	CCSBVarC000206	833G>A	0	6
1884	2948	VUSmut_GDEh13	C07	CCSBVarC000207	1406G>A	0	6
1884	900183	VUSmut_GDEh12	G01	CCSBVarC002905	2569G>A	1	1
2012	0	DisWTGDEh01	C09			1	1
2055	0	DisWTGDEh04	F04			1	1
2156	0	DisWTGDEh02	A10			0	6
2156	3351	VUSmut_GDEh13	C01	CCSBVarC000232	85C>T	0	6
2156	214168	VUSmut_GDEh05	B05	CCSBVarC005360	526C>A	1	1
2156	214169	VUSmut_GDEh06	H01	CCSBVarC005361	610G>A	1	1
2156	214170	VUSmut_GDEh06	C03	CCSBVarC005363	824G>A	1	1
2156	214172	VUSmut_GDEh05	B10	CCSBVarC005362	823C>T	1	1
2380	0	DisWTGDEh04	H03			0	6
2430	0	DisWTGDEh02	F06			1	1
2442	0	DisWTGDEh01	B11			0	99
2448	0	DisWTGDEh04	G02			1	1
2455	0	DisWTGDEh02	H09			1	1
2455	277	VUSmut_GDEh11	E08	CCSBVarC008435	221G>A	1	1
2455	200617	VUSmut_GDEh06	B02	CCSBVarC004969	1A>G	1	1
2455	200620	VUSmut_GDEh06	A01	CCSBVarC004972	1117T>C	1	1
2455	200621	VUSmut_GDEh05	F11	CCSBVarC004971	1004G>C	1	1
2455	200622	VUSmut_GDEh06	D03	CCSBVarC004970	980T>C	0	3
2468	0	DisWTGDEh02	F04			1	1
2468	200623	VUSmut_GDEh05	E09	CCSBVarC003221	680A>T	1	1
2588	0	DisWTGDEh02	G04			1	1
2588	214279	VUSmut_GDEh09	E02	CCSBVarC006662	65G>T	0	99
2595	0	DisWTGDEh03	E08			0	99
2613	0	DisWTGDEh04	D06			0	99
2651	0	DisWTGDEh02	G09			1	1
2651	436	VUSmut_GDEh11	B04	CCSBVarC008436	89G>C	0	99
2654	0	DisWTGDEh02	D10			1	1
2654	371	VUSmut_GDEh11	F01	CCSBVarC008437	818A>G	1	1
2654	460	VUSmut_GDEh11	C01	CCSBVarC008438	865A>T	1	1
2654	4167	VUSmut_GDEh13	D01	CCSBVarC000305	490G>A	1	1
2654	4169	VUSmut_GDEh13	E01	CCSBVarC000306	581T>C	1	1
2654	4170	VUSmut_GDEh13	F01	CCSBVarC000307	639C>G	1	1
2654	4172	VUSmut_GDEh13	G01	CCSBVarC000308	778G>A	1	1
2654	214307	VUSmut_GDEh06	A02	CCSBVarC005358	530C>A	1	1
2654	214309	VUSmut_GDEh06	A04	CCSBVarC005359	851C>G	1	1
2654	900206	VUSmut_GDEh12	D03	CCSBVarC002925	653G>A	1	1
2654	900209	VUSmut_GDEh12	E03	CCSBVarC002928	697T>A	1	1
2687	0	DisWTGDEh02	E11			0	99
2713	0	DisWTGDEh03	A04			0	6
2713	449	VUSmut_GDEh03	G11	CCSBVarC007370	83C>T	1	1
2713	451	VUSmut_GDEh03	H11	CCSBVarC007371	86C>G	1	1
2713	455	VUSmut_GDEh03	A12	CCSBVarC007372	92C>G	1	1
2713	461	VUSmut_GDEh03	B12	CCSBVarC003190	107T>A	1	1
2713	462	VUSmut_GDEh03	C12	CCSBVarC007373	108T>G	1	1
2713	467	VUSmut_GDEh03	D12	CCSBVarC007374	112A>C	1	1
2713	470	VUSmut_GDEh03	E12	CCSBVarC007375	114C>G	0	3
2713	472	VUSmut_GDEh03	F12	CCSBVarC007376	116G>A	1	1
2713	473	VUSmut_GDEh04	A01	CCSBVarC007377	116G>T	1	1
2713	683	VUSmut_GDEh04	B01	CCSBVarC007378	883A>G	0	6
2713	704	VUSmut_GDEh04	C01	CCSBVarC007379	954C>A	1	1
2713	838	VUSmut_GDEh04	D01	CCSBVarC007380	1524T>G	1	1
2713	869	VUSmut_GDEh04	E01	CCSBVarC007381	1676T>C	0	4
2713	889	VUSmut_GDEh04	F01	CCSBVarC007382	1744C>G	1	1
2713	919	VUSmut_GDEh04	G01	CCSBVarC007386	1853A>G	1	1
2713	921	VUSmut_GDEh04	H01	CCSBVarC007387	1855G>C	0	4
2713	953	VUSmut_GDEh04	A02	CCSBVarC007390	1958T>C	1	1
2713	955	VUSmut_GDEh04	B02	CCSBVarC007391	1961C>T	0	6
2713	967	VUSmut_GDEh04	C02	CCSBVarC007393	1989G>T	0	6
2713	971	VUSmut_GDEh04	D02	CCSBVarC007394	2009A>G	1	1
2713	981	VUSmut_GDEh04	E02	CCSBVarC007395	2038T>C	1	1
2713	983	VUSmut_GDEh04	F02	CCSBVarC007397	2041G>A	1	1
2713	985	VUSmut_GDEh04	G02	CCSBVarC007398	2042C>T	0	5
2713	1005	VUSmut_GDEh04	H02	CCSBVarC007400	2103G>C	1	1
2713	1015	VUSmut_GDEh04	A03	CCSBVarC007401	2146G>A	1	1
2713	1033	VUSmut_GDEh04	B03	CCSBVarC007402	2239C>T	1	1
2713	4400	VUSmut_GDEh13	A06	CCSBVarC000316	131C>T	1	1
2713	4465	VUSmut_GDEh13	B06	CCSBVarC000317	731G>A	1	1
2713	4554	VUSmut_GDEh13	C06	CCSBVarC000319	1757C>A	0	5
2713	200798	VUSmut_GDEh06	C11	CCSBVarC003190	107T>A	1	1
2713	200808	VUSmut_GDEh08	F02	CCSBVarC003192	121G>C	1	1
2713	200818	VUSmut_GDEh05	F09	CCSBVarC003194	218T>G	1	1
2713	200824	VUSmut_GDEh08	C05	CCSBVarC003196	318C>G	0	6
2713	200832	VUSmut_GDEh10	B04	CCSBVarC003198	439G>C	1	1
2713	200834	VUSmut_GDEh08	E08	CCSBVarC003199	479C>T	1	1
2713	200837	VUSmut_GDEh08	E09	CCSBVarC003200	554T>G	1	1
2713	200850	VUSmut_GDEh09	A05	CCSBVarC003202	884G>C	1	1
2713	200856	VUSmut_GDEh09	A06	CCSBVarC003203	911A>G	1	1
2713	200868	VUSmut_GDEh09	E07	CCSBVarC003206	1455T>A	1	1
2713	200887	VUSmut_GDEh07	A05	CCSBVarC003208	1918C>T	1	1
2713	200902	VUSmut_GDEh09	G01	CCSBVarC003209	2252A>G	1	1
2767	0	DisWTGDEh03	E05			1	1
2767	214356	VUSmut_GDEh06	C12	CCSBVarC005287	308A>G	1	1
2767	214357	VUSmut_GDEh06	H10	CCSBVarC005286	280G>A	1	1
2767	214358	VUSmut_GDEh05	E05	CCSBVarC005288	505C>T	1	1
2767	214360	VUSmut_GDEh07	F01	CCSBVarC005289	715C>T	1	1
2767	214361	VUSmut_GDEh07	A03	CCSBVarC005290	770A>G	1	1
2767	214362	VUSmut_GDEh07	E04	CCSBVarC005291	905G>A	1	1
2767	214363	VUSmut_GDEh07	B06	CCSBVarC005292	937C>A	1	1
2803	0	DisWTGDEh03	F04			1	1
2810	0	DisWTGDEh01	H11			1	1
2816	0	DisWTGDEh01	G05			1	1
2818	0	DisWTGDEh01	F11			1	1
2866	0	DisWTGDEh03	C10			1	1
2920	0	DisWTGDEh03	A03			1	1
2920	5153	VUSmut_GDEh13	C04	CCSBVarC000365	140C>T	1	1
2920	214382	VUSmut_GDEh08	B02	CCSBVarC004660	235C>T	1	1
2920	214386	VUSmut_GDEh07	A02	CCSBVarC004662	262C>T	1	1
2920	214388	VUSmut_GDEh06	A11	CCSBVarC004657	218T>G	0	7
2920	214394	VUSmut_GDEh08	C04	CCSBVarC004663	269T>C	1	1
2920	214397	VUSmut_GDEh08	C01	CCSBVarC004659	230A>G	1	1
2920	214399	VUSmut_GDEh06	F12	CCSBVarC004658	221T>C	1	1
2920	214406	VUSmut_GDEh08	A03	CCSBVarC004661	235C>A	1	1
2920	214409	VUSmut_GDEh10	F01	CCSBVarC004664	613G>A	1	1
2920	214415	VUSmut_GDEh08	A08	CCSBVarC004670	716G>C	1	1
2920	214418	VUSmut_GDEh08	B05	CCSBVarC004665	619G>A	1	1
2920	214419	VUSmut_GDEh10	D03	CCSBVarC004666	628G>A	1	1
2920	214420	VUSmut_GDEh07	D03	CCSBVarC004667	704T>C	1	1
2920	214422	VUSmut_GDEh08	H06	CCSBVarC004669	716G>T	1	1
2920	214424	VUSmut_GDEh08	H05	CCSBVarC004668	707A>C	1	1
2920	214427	VUSmut_GDEh08	D10	CCSBVarC004672	835A>G	1	1
2920	214430	VUSmut_GDEh10	A05	CCSBVarC004673	1055T>C	1	1
2920	214433	VUSmut_GDEh09	G04	CCSBVarC004675	1090G>C	1	1
2920	214437	VUSmut_GDEh07	H04	CCSBVarC004677	1112A>G	1	1
2920	214440	VUSmut_GDEh08	H11	CCSBVarC004676	1097A>G	1	1
2920	214442	VUSmut_GDEh08	D12	CCSBVarC004679	1126C>T	1	1
2920	214444	VUSmut_GDEh09	D06	CCSBVarC004674	1070T>C	1	1
2920	214445	VUSmut_GDEh09	B07	CCSBVarC004678	1112A>T	1	1
2920	214447	VUSmut_GDEh05	E06	CCSBVarC004680	1157A>T	0	6
2920	214452	VUSmut_GDEh09	A01	CCSBVarC004682	1250A>C	0	5
2920	900221	VUSmut_GDEh12	E04	CCSBVarC002938	883G>A	1	1
2922	0	DisWTGDEh04	H07			0	99
2924	0	DisWTGDEh01	B08			1	1
3020	0	DisWTGDEh02	C11			0	99
3020	214464	VUSmut_GDEh06	H06	CCSBVarC004455	378T>G	1	1
3020	214465	VUSmut_GDEh05	F07	CCSBVarC004457	427T>C	1	1
3020	214466	VUSmut_GDEh06	H07	CCSBVarC004456	422C>T	1	1
3020	214470	VUSmut_GDEh06	H08	CCSBVarC004458	754C>T	1	1
3020	214471	VUSmut_GDEh06	A10	CCSBVarC004459	937G>A	1	1
3038	0	DisWTGDEh02	D06			1	1
3038	201069	VUSmut_GDEh05	C05	CCSBVarC005351	347A>G	1	1
3086	0	DisWTGDEh02	D07			1	1
3086	201084	VUSmut_GDEh05	A03	CCSBVarC005995	430G>T	1	1
3108	0	DisWTGDEh02	A04			0	6
3108	201092	VUSmut_GDEh05	D06	CCSBVarC004809	43G>A	0	99
3125	0	DisWTGDEh02	B03			1	1
3180	0	DisWTGDEh02	B04			1	1
3180	243	VUSmut_GDEh11	C06	CCSBVarC008439	583C>T	0	99
3180	214556	VUSmut_GDEh05	E12	CCSBVarC005876	346C>T	1	1
3192	0	DisWTGDEh03	F08			1	1
3192	5563	VUSmut_GDEh12	H09	CCSBVarC000413	93C>A	1	1
3192	5564	VUSmut_GDEh12	A10	CCSBVarC000414	200G>T	1	1
3192	5565	VUSmut_GDEh12	B10	CCSBVarC000415	251G>A	1	1
3192	5566	VUSmut_GDEh12	C10	CCSBVarC000416	446A>G	1	1
3292	0	DisWTGDEh01	A07			0	99
3438	0	DisWTGDEh02	C10			0	2
3438	287	VUSmut_GDEh11	F02	CCSBVarC008440	1096G>A	1	1
3438	288	VUSmut_GDEh11	D08	CCSBVarC008441	658C>T	1	1
3438	289	VUSmut_GDEh11	A05	CCSBVarC008442	896G>C	1	1
3438	201175	VUSmut_GDEh07	A07	CCSBVarC004823	82C>T	1	1
3438	201176	VUSmut_GDEh07	G07	CCSBVarC004824	253G>A	1	1
3438	201177	VUSmut_GDEh07	F08	CCSBVarC004825	271A>G	0	6
3438	201179	VUSmut_GDEh07	G09	CCSBVarC004826	424G>A	1	1
3438	201180	VUSmut_GDEh05	B06	CCSBVarC004827	829A>T	0	7
3438	201181	VUSmut_GDEh07	G10	CCSBVarC004828	934C>T	0	6
3438	201183	VUSmut_GDEh07	F11	CCSBVarC004829	1111T>C	1	1
3449	0	DisWTGDEh03	B09			1	1
3449	214607	VUSmut_GDEh06	F06	CCSBVarC005209	64C>T	1	1
3449	214608	VUSmut_GDEh06	F07	CCSBVarC005211	95C>T	1	1
3449	214609	VUSmut_GDEh05	G05	CCSBVarC005210	79G>C	0	6
3449	214611	VUSmut_GDEh06	G09	CCSBVarC005212	860G>A	1	1
3483	0	DisWTGDEh02	C01			1	1
3483	1598	VUSmut_GDEh11	G03	CCSBVarC008443	46G>A	1	1
3483	1599	VUSmut_GDEh11	E07	CCSBVarC008444	98G>A	1	1
3535	0	DisWTGDEh04	F02			1	1
3535	768	VUSmut_GDEh11	H05	CCSBVarC008445	166G>A	1	1
3535	6159	VUSmut_GDEh12	C11	CCSBVarC000482	161C>T	1	1
3535	6161	VUSmut_GDEh12	F11	CCSBVarC000483	215A>T	1	1
3535	6171	VUSmut_GDEh12	D11	CCSBVarC000484	547C>A	1	1
3535	6172	VUSmut_GDEh12	E11	CCSBVarC000485	548C>A	1	1
3535	201190	VUSmut_GDEh05	A10	CCSBVarC005810	1A>G	1	1
3581	0	DisWTGDEh04	G03			1	1
3594	0	DisWTGDEh02	H01			0	99
3643	0	DisWTGDEh03	G10			1	1
3643	6441	VUSmut_GDEh13	D05	CCSBVarC000509	683C>T	0	7
3643	6448	VUSmut_GDEh13	E05	CCSBVarC000510	1172C>A	0	6
3643	900170	VUSmut_GDEh12	E01	CCSBVarC002896	916C>G	1	1
3668	0	DisWTGDEh03	B12			1	1
3670	0	DisWTGDEh04	A06			1	1
3689	0	DisWTGDEh03	A06			1	1
3689	214816	VUSmut_GDEh09	D12	CCSBVarC006686	131G>A	1	1
3689	214822	VUSmut_GDEh10	B01	CCSBVarC006687	532G>C	0	6
3689	214825	VUSmut_GDEh10	G01	CCSBVarC006688	523G>C	1	1
3689	214835	VUSmut_GDEh10	E03	CCSBVarC006689	661G>A	1	1
3689	214841	VUSmut_GDEh10	B05	CCSBVarC006690	706G>A	1	1
3689	214842	VUSmut_GDEh09	A08	CCSBVarC006691	752T>C	1	1
3689	214843	VUSmut_GDEh09	H08	CCSBVarC006692	758T>C	1	1
3689	214847	VUSmut_GDEh09	E10	CCSBVarC006693	907C>T	1	1
3689	214851	VUSmut_GDEh09	B11	CCSBVarC006694	895G>C	0	7
3689	214853	VUSmut_GDEh09	H04	CCSBVarC006695	1133C>T	0	5
3689	214856	VUSmut_GDEh09	G05	CCSBVarC006696	1130G>A	1	1
3689	214859	VUSmut_GDEh09	G06	CCSBVarC006697	1153G>A	1	1
3689	214860	VUSmut_GDEh09	C07	CCSBVarC006698	1142T>G	1	1
3689	214861	VUSmut_GDEh09	H03	CCSBVarC006699	1160C>A	1	1
3689	214863	VUSmut_GDEh09	E04	CCSBVarC006700	1367C>T	0	6
3693	0	DisWTGDEh01	H05			1	1
3693	6726	VUSmut_GDEh12	C06	CCSBVarC000523	1016G>A	1	1
3693	900231	VUSmut_GDEh12	A05	CCSBVarC002946	445G>A	1	1
3697	0	DisWTGDEh04	A04			0	99
3699	0	DisWTGDEh04	B07			1	1
3721	0	DisWTGDEh01	F03			0	2
3727	0	DisWTGDEh03	C02			1	1
3727	172	VUSmut_GDEh11	D03	CCSBVarC008446	890T>C	1	1
3727	1704	VUSmut_GDEh11	B08	CCSBVarC008447	1342A>G	1	1
3727	1707	VUSmut_GDEh11	A06	CCSBVarC008448	563G>A	1	1
3727	6812	VUSmut_GDEh13	F05	CCSBVarC000533	1256A>T	1	1
3727	214871	VUSmut_GDEh06	A07	CCSBVarC003958	130G>C	1	1
3727	214873	VUSmut_GDEh06	A09	CCSBVarC003960	323A>T	1	1
3727	214874	VUSmut_GDEh06	D08	CCSBVarC003959	279C>G	1	1
3727	214875	VUSmut_GDEh05	E07	CCSBVarC003961	419C>A	1	1
3727	214876	VUSmut_GDEh06	B10	CCSBVarC003962	551G>C	1	1
3731	0	DisWTGDEh03	H01			0	99
3731	201248	VUSmut_GDEh06	G01	CCSBVarC005437	385C>A	1	1
3731	201250	VUSmut_GDEh06	B03	CCSBVarC005438	579C>G	1	1
3732	0	DisWTGDEh03	B05			1	1
3732	1788	VUSmut_GDEh11	G02	CCSBVarC008449	952G>A	1	1
3756	0	DisWTGDEh01	D10			1	1
3756	201265	VUSmut_GDEh05	G03	CCSBVarC005852	137C>T	1	1
3782	0	DisWTGDEh02	H07			1	1
3782	201266	VUSmut_GDEh05	G06	CCSBVarC004326	8T>C	1	1
3787	0	DisWTGDEh01	H10			1	1
3787	214913	VUSmut_GDEh05	D10	CCSBVarC004747	137A>G	1	1
3798	0	DisWTGDEh01	A08			1	1
3833	0	DisWTGDEh01	D07			0	99
3844	0	DisWTGDEh03	A10			0	99
3872	0	DisWTGDEh03	D09			1	1
3878	0	DisWTGDEh03	D11			1	1
3912	0	DisWTGDEh02	E09			1	1
3980	0	DisWTGDEh03	G09			0	99
3980	201374	VUSmut_GDEh07	B02	CCSBVarC004641	313T>C	1	1
3980	201375	VUSmut_GDEh07	E03	CCSBVarC004642	359C>A	1	1
3980	201376	VUSmut_GDEh07	C05	CCSBVarC004643	545C>T	1	1
3980	201378	VUSmut_GDEh07	E06	CCSBVarC004644	970G>A	1	1
4004	0	DisWTGDEh01	F10			0	99
4004	201387	VUSmut_GDEh09	C02	CCSBVarC006715	315T>G	0	99
4019	0	DisWTGDEh03	D12			1	1
4043	0	DisWTGDEh02	F09			0	99
4043	201415	VUSmut_GDEh05	G11	CCSBVarC003429	815G>A	1	1
4043	201419	VUSmut_GDEh06	B01	CCSBVarC003430	1645G>A	1	1
4043	900203	VUSmut_GDEh12	B03	CCSBVarC002922	255T>G	1	1
4043	900212	VUSmut_GDEh12	G03	CCSBVarC002930	238C>T	0	5
4062	0	DisWTGDEh03	E06			1	1
4062	201422	VUSmut_GDEh08	E01	CCSBVarC005854	128C>T	1	1
4062	201423	VUSmut_GDEh08	G01	CCSBVarC005855	220G>C	1	1
4062	201424	VUSmut_GDEh08	G03	CCSBVarC005857	382T>C	1	1
4062	201425	VUSmut_GDEh08	C03	CCSBVarC005856	362C>T	1	1
4062	201426	VUSmut_GDEh08	E05	CCSBVarC005859	439A>C	1	1
4062	201427	VUSmut_GDEh08	E07	CCSBVarC005861	502G>C	1	1
4062	201428	VUSmut_GDEh08	D06	CCSBVarC005860	455T>C	1	1
4062	201429	VUSmut_GDEh08	G04	CCSBVarC005858	404C>T	1	1
4062	201430	VUSmut_GDEh06	D05	CCSBVarC005866	578G>A	1	1
4062	201431	VUSmut_GDEh08	G09	CCSBVarC005862	541C>T	1	1
4062	201432	VUSmut_GDEh08	A10	CCSBVarC005863	550G>T	1	1
4062	201433	VUSmut_GDEh08	E11	CCSBVarC005865	566T>C	1	1
4062	201434	VUSmut_GDEh08	C11	CCSBVarC005864	556G>T	1	1
4166	0	DisWTGDEh04	A03			1	1
4177	0	DisWTGDEh01	D12			0	99
4193	0	DisWTGDEh04	D07			1	1
4252	0	DisWTGDEh01	G07			1	1
4252	674	VUSmut_GDEh11	H04	CCSBVarC008450	227T>A	1	1
4384	0	DisWTGDEh02	A01			1	1
4414	0	DisWTGDEh04	C05			1	1
4447	0	DisWTGDEh02	E04			1	1
4447	215126	VUSmut_GDEh05	A05	CCSBVarC005401	734G>C	1	1
4481	0	DisWTGDEh03	C11			1	1
4482	0	DisWTGDEh04	G04			0	99
4506	0	DisWTGDEh01	B02			0	99
4515	0	DisWTGDEh04	D02			1	1
4515	8609	VUSmut_GDEh12	F08	CCSBVarC000659	283C>T	1	1
4515	8610	VUSmut_GDEh12	G08	CCSBVarC000660	284G>A	1	1
4515	8612	VUSmut_GDEh12	H08	CCSBVarC000661	685C>T	1	1
4515	900160	VUSmut_GDEh12	B01	CCSBVarC002887	347G>A	1	1
4676	0	DisWTGDEh02	E05			1	1
4676	8807	VUSmut_GDEh12	A06	CCSBVarC000679	215C>T	1	1
4692	0	DisWTGDEh01	E06			1	1
4692	1907	VUSmut_GDEh11	B02	CCSBVarC008451	472C>T	1	1
4692	8915	VUSmut_GDEh13	A01	CCSBVarC000688	515G>A	1	1
4692	8918	VUSmut_GDEh13	B01	CCSBVarC000689	973T>C	1	1
4692	215210	VUSmut_GDEh05	E11	CCSBVarC005376	19A>G	1	1
4723	0	DisWTGDEh03	F02			0	6
4723	1438	VUSmut_GDEh04	C03	CCSBVarC007531	496G>A	1	1
4723	8945	VUSmut_GDEh12	G11	CCSBVarC000697	118G>A	1	1
4723	8950	VUSmut_GDEh12	H11	CCSBVarC000698	284T>C	1	1
4723	8952	VUSmut_GDEh12	A12	CCSBVarC000699	523G>A	1	1
4723	8956	VUSmut_GDEh12	B12	CCSBVarC000700	842T>C	1	1
4723	201724	VUSmut_GDEh08	H01	CCSBVarC005629	45G>T	1	1
4723	201725	VUSmut_GDEh09	G03	CCSBVarC005631	67G>C	1	1
4723	201726	VUSmut_GDEh06	F10	CCSBVarC005632	109A>G	1	1
4723	201727	VUSmut_GDEh08	G02	CCSBVarC005630	64G>A	1	1
4723	201728	VUSmut_GDEh07	F12	CCSBVarC005628	23T>G	1	1
4723	201730	VUSmut_GDEh08	H03	CCSBVarC005633	160G>A	1	1
4723	201731	VUSmut_GDEh09	D04	CCSBVarC005635	184G>C	0	6
4723	201732	VUSmut_GDEh08	H04	CCSBVarC005634	172G>C	0	3
4723	201733	VUSmut_GDEh06	A12	CCSBVarC005636	188C>T	1	1
4723	201734	VUSmut_GDEh05	E04	CCSBVarC005637	209A>C	0	6
4723	201736	VUSmut_GDEh08	F05	CCSBVarC005638	275T>C	1	1
4723	201737	VUSmut_GDEh07	D01	CCSBVarC005639	479G>A	1	1
4723	201738	VUSmut_GDEh08	F07	CCSBVarC005641	539A>T	1	1
4723	201739	VUSmut_GDEh07	G02	CCSBVarC005643	554T>G	1	1
4723	201740	VUSmut_GDEh08	E06	CCSBVarC005640	515T>C	1	1
4723	201742	VUSmut_GDEh08	H08	CCSBVarC005642	539A>G	0	4
4723	201743	VUSmut_GDEh08	F10	CCSBVarC005644	644C>T	1	1
4723	201744	VUSmut_GDEh07	C04	CCSBVarC005645	688G>A	1	1
4723	201745	VUSmut_GDEh08	H10	CCSBVarC005646	712C>T	0	4
4723	201746	VUSmut_GDEh07	A06	CCSBVarC005647	715G>A	1	1
4723	201747	VUSmut_GDEh09	B02	CCSBVarC005648	742A>G	1	1
4723	201749	VUSmut_GDEh08	F11	CCSBVarC005649	830C>T	1	1
4723	201750	VUSmut_GDEh08	B12	CCSBVarC005650	835A>C	1	1
4765	0	DisWTGDEh03	B07			1	1
4765	8979	VUSmut_GDEh13	D06	CCSBVarC000702	817G>A	1	1
4765	8985	VUSmut_GDEh13	E06	CCSBVarC000703	1768T>C	0	6
4815	0	DisWTGDEh04	F08			0	99
4829	0	DisWTGDEh01	D04			1	1
4832	0	DisWTGDEh01	B10			1	1
4854	0	DisWTGDEh04	B04			1	1
4857	0	DisWTGDEh01	E11			0	99
4862	0	DisWTGDEh02	G02			1	1
4870	0	DisWTGDEh03	H04			1	1
4870	215270	VUSmut_GDEh07	A01	CCSBVarC003669	512A>G	1	1
4870	215272	VUSmut_GDEh08	E03	CCSBVarC003666	508C>T	1	1
4870	215273	VUSmut_GDEh07	C02	CCSBVarC003671	526T>C	1	1
4870	215274	VUSmut_GDEh09	C09	CCSBVarC003668	511A>G	1	1
4870	215275	VUSmut_GDEh08	E04	CCSBVarC003667	511A>T	0	3
4870	215276	VUSmut_GDEh08	F01	CCSBVarC003663	491G>C	1	1
4870	215278	VUSmut_GDEh08	D02	CCSBVarC003664	497A>C	1	1
4870	215279	VUSmut_GDEh08	C07	CCSBVarC003672	533T>A	1	1
4870	215280	VUSmut_GDEh06	B11	CCSBVarC003662	487G>A	0	99
4870	215281	VUSmut_GDEh09	G09	CCSBVarC003665	500T>G	1	1
4870	215282	VUSmut_GDEh05	F08	CCSBVarC003670	512A>C	1	1
4870	215286	VUSmut_GDEh07	F06	CCSBVarC003678	1414G>A	1	1
4870	215289	VUSmut_GDEh08	C09	CCSBVarC003674	1385T>A	1	1
4870	215290	VUSmut_GDEh07	D05	CCSBVarC003676	1403T>C	1	1
4870	215292	VUSmut_GDEh09	H10	CCSBVarC003677	1403T>A	0	6
4870	215293	VUSmut_GDEh07	G03	CCSBVarC003675	1393T>C	1	1
4870	215295	VUSmut_GDEh08	C08	CCSBVarC003673	1381G>A	0	3
4870	215298	VUSmut_GDEh09	F01	CCSBVarC003679	1416G>C	3	3
4870	900193	VUSmut_GDEh12	A02	CCSBVarC002913	62A>G	1	1
4870	900195	VUSmut_GDEh12	C02	CCSBVarC002915	745T>C	1	1
4870	900196	VUSmut_GDEh12	D02	CCSBVarC002916	1655C>G	1	1
4870	900200	VUSmut_GDEh12	H02	CCSBVarC002920	1567G>T	1	1
4910	0	DisWTGDEh02	H02			1	1
4910	201776	VUSmut_GDEh06	F05	CCSBVarC003133	2091G>C	1	1
4960	0	DisWTGDEh04	C04			1	1
4983	0	DisWTGDEh01	C10			1	1
4983	215314	VUSmut_GDEh06	B04	CCSBVarC006273	43C>T	1	1
4983	215316	VUSmut_GDEh06	G05	CCSBVarC006274	44G>A	1	1
5066	0	DisWTGDEh04	C03			1	1
5066	201829	VUSmut_GDEh07	B08	CCSBVarC003583	652C>T	1	1
5066	201830	VUSmut_GDEh07	H08	CCSBVarC003584	772C>T	1	1
5066	201831	VUSmut_GDEh07	A12	CCSBVarC003586	1385T>C	1	1
5066	201832	VUSmut_GDEh07	A10	CCSBVarC003585	1138C>T	1	1
5066	201834	VUSmut_GDEh05	A11	CCSBVarC003587	1430G>A	0	99
5132	0	DisWTGDEh01	F06			1	1
5132	215352	VUSmut_GDEh09	D05	CCSBVarC006739	373C>T	1	1
5132	215356	VUSmut_GDEh09	F07	CCSBVarC000773	847C>T	1	1
5132	215357	VUSmut_GDEh09	C01	CCSBVarC006740	941C>T	1	1
5229	0	DisWTGDEh04	H06			1	1
5335	0	DisWTGDEh03	D03			0	2
5385	0	DisWTGDEh01	D02			1	1
5385	9894	VUSmut_GDEh12	E06	CCSBVarC000802	202C>G	1	1
5385	201906	VUSmut_GDEh05	D08	CCSBVarC003791	1192C>T	1	1
5398	0	DisWTGDEh02	F02			1	1
5424	0	DisWTGDEh02	D01			0	99
5424	201909	VUSmut_GDEh09	D03	CCSBVarC006757	211G>A	0	99
5431	0	DisWTGDEh01	G08			1	1
5431	201910	VUSmut_GDEh05	D05	CCSBVarC005349	836G>A	1	1
5431	201911	VUSmut_GDEh05	C10	CCSBVarC005348	835C>T	1	1
5441	0	DisWTGDEh02	G01			1	1
5441	215408	VUSmut_GDEh05	C08	CCSBVarC003855	454C>T	1	1
5442	0	DisWTGDEh03	B01			1	1
5442	215410	VUSmut_GDEh06	B06	CCSBVarC005627	386A>G	1	1
5442	215414	VUSmut_GDEh06	E04	CCSBVarC005626	317T>G	1	1
5585	0	DisWTGDEh02	B09			1	1
5585	215438	VUSmut_GDEh06	A06	CCSBVarC006123	470G>A	1	1
5585	215440	VUSmut_GDEh06	A05	CCSBVarC006122	460G>A	1	1
5585	215441	VUSmut_GDEh06	D04	CCSBVarC006121	325G>C	0	3
5613	0	DisWTGDEh03	C05			0	6
5613	152	VUSmut_GDEh11	A04	CCSBVarC008452	562G>T	1	1
5613	215445	VUSmut_GDEh09	C12	CCSBVarC000857	101G>T	1	1
5613	215446	VUSmut_GDEh09	F12	CCSBVarC006758	148G>C	0	7
5613	215447	VUSmut_GDEh10	D01	CCSBVarC006759	595G>C	1	1
5613	215448	VUSmut_GDEh10	B02	CCSBVarC006760	589C>T	1	1
5613	215450	VUSmut_GDEh10	B03	CCSBVarC006761	251T>G	1	1
5613	215451	VUSmut_GDEh10	G03	CCSBVarC006762	220T>C	1	1
5613	215452	VUSmut_GDEh10	D04	CCSBVarC006763	539T>A	1	1
5613	215453	VUSmut_GDEh10	G04	CCSBVarC006764	341T>C	1	1
5613	215454	VUSmut_GDEh09	H01	CCSBVarC006765	593T>C	1	1
5619	0	DisWTGDEh01	E05			1	1
5628	0	DisWTGDEh03	A08			1	1
5645	0	DisWTGDEh01	H08			1	1
5645	10274	VUSmut_GDEh12	D05	CCSBVarC000865	148C>T	1	1
5645	900191	VUSmut_GDEh12	H01	CCSBVarC002912	71A>G	1	1
5651	0	DisWTGDEh03	A11			0	99
5651	10277	VUSmut_GDEh12	D07	CCSBVarC000866	142T>C	1	1
5651	10278	VUSmut_GDEh12	E07	CCSBVarC000867	738A>G	1	1
5651	900235	VUSmut_GDEh12	C05	CCSBVarC002949	29A>C	1	1
5673	0	DisWTGDEh02	A02			1	1
5712	0	DisWTGDEh03	F07			0	6
5712	215466	VUSmut_GDEh05	F04	CCSBVarC005625	11C>T	1	1
5718	0	DisWTGDEh02	E03			1	1
5723	0	DisWTGDEh03	D05			1	1
5723	667	VUSmut_GDEh11	B01	CCSBVarC008453	142G>A	1	1
5723	668	VUSmut_GDEh11	E01	CCSBVarC008454	115G>T	1	1
5723	669	VUSmut_GDEh11	C04	CCSBVarC008455	541C>G	0	99
5723	671	VUSmut_GDEh11	F06	CCSBVarC008456	176A>G	0	6
5723	201962	VUSmut_GDEh06	E11	CCSBVarC006058	196G>A	1	1
5723	201963	VUSmut_GDEh06	G11	CCSBVarC006059	218T>C	1	1
5723	201964	VUSmut_GDEh07	B01	CCSBVarC006060	347C>A	1	1
5723	201965	VUSmut_GDEh07	H03	CCSBVarC006062	563T>A	1	1
5723	201966	VUSmut_GDEh07	F03	CCSBVarC006061	500G>A	1	1
5723	201967	VUSmut_GDEh07	F05	CCSBVarC006063	581T>C	1	1
5772	0	DisWTGDEh02	E08			1	1
5772	201973	VUSmut_GDEh05	E02	CCSBVarC006350	34G>A	0	99
5865	0	DisWTGDEh03	D01			1	1
5865	1024	VUSmut_GDEh11	B07	CCSBVarC008457	587C>T	1	1
5865	1027	VUSmut_GDEh11	G07	CCSBVarC008458	655G>A	1	1
5865	1028	VUSmut_GDEh11	D07	CCSBVarC008459	314G>A	0	4
5880	0	DisWTGDEh01	D09			1	1
5896	0	DisWTGDEh03	C09			1	1
5904	0	DisWTGDEh01	A12			0	2
5910	0	DisWTGDEh03	D07			0	99
5931	0	DisWTGDEh01	H09			1	1
5933	0	DisWTGDEh02	A08			0	6
5933	201998	VUSmut_GDEh05	C06	CCSBVarC004822	854C>T	0	99
5970	0	DisWTGDEh04	B06			1	1
6007	0	DisWTGDEh01	B06			1	1
6018	0	DisWTGDEh01	D03			1	1
6018	215806	VUSmut_GDEh06	G04	CCSBVarC003708	17C>A	1	1
6119	0	DisWTGDEh01	E10			0	99
6137	0	DisWTGDEh04	G06			1	1
6137	11066	VUSmut_GDEh12	F05	CCSBVarC000967	388G>A	1	1
6137	900172	VUSmut_GDEh12	F01	CCSBVarC002898	896G>C	1	1
6138	0	DisWTGDEh01	F02			0	99
6157	0	DisWTGDEh03	A09			0	99
6192	0	DisWTGDEh04	E07			1	1
6231	0	DisWTGDEh03	B11			0	7
6231	11465	VUSmut_GDEh12	G07	CCSBVarC000996	406G>A	1	1
6231	900194	VUSmut_GDEh12	B02	CCSBVarC002914	691G>A	0	5
6356	0	DisWTGDEh04	G01			1	1
6395	0	DisWTGDEh01	B03			1	1
6395	312	VUSmut_GDEh11	H03	CCSBVarC008460	1282G>A	1	1
6395	202113	VUSmut_GDEh05	F06	CCSBVarC004453	34C>T	1	1
6408	0	DisWTGDEh01	B09			1	1
6408	215945	VUSmut_GDEh05	B11	CCSBVarC006354	62T>G	0	7
6408	215946	VUSmut_GDEh05	C12	CCSBVarC006355	233T>C	1	1
6512	0	DisWTGDEh03	C08			1	1
6632	0	DisWTGDEh01	A06			0	6
6666	0	DisWTGDEh03	A02			1	1
6666	51	VUSmut_GDEh11	C08	CCSBVarC008461	49A>G	1	1
6733	0	DisWTGDEh04	B05			0	99
6733	12061	VUSmut_GDEh12	D06	CCSBVarC001061	1327A>G	1	1
6806	0	DisWTGDEh02	A05			0	99
6947	0	DisWTGDEh03	B02			0	7
6983	0	DisWTGDEh03	D02			0	2
6983	216119	VUSmut_GDEh06	G10	CCSBVarC005414	344G>A	1	1
6983	216121	VUSmut_GDEh06	B12	CCSBVarC005415	361A>C	1	1
6983	216122	VUSmut_GDEh07	E01	CCSBVarC005416	365G>A	1	1
6983	216123	VUSmut_GDEh07	H02	CCSBVarC005417	409C>T	1	1
6983	216124	VUSmut_GDEh07	D04	CCSBVarC005418	421A>G	1	1
6983	216125	VUSmut_GDEh07	G06	CCSBVarC005419	431G>C	1	1
7038	0	DisWTGDEh02	H04			1	1
7038	404	VUSmut_GDEh11	E06	CCSBVarC008462	670G>A	1	1
7038	405	VUSmut_GDEh11	E02	CCSBVarC008463	175A>G	1	1
7038	406	VUSmut_GDEh11	G06	CCSBVarC008464	8C>G	1	1
7038	216141	VUSmut_GDEh05	E03	CCSBVarC005871	377C>T	1	1
7147	0	DisWTGDEh01	H04			1	1
7154	0	DisWTGDEh03	H03			1	1
7167	0	DisWTGDEh03	G05			1	1
7167	12744	VUSmut_GDEh13	H02	CCSBVarC001133	236T>C	1	1
7167	12749	VUSmut_GDEh13	A03	CCSBVarC001134	341C>T	1	1
7167	12756	VUSmut_GDEh13	B03	CCSBVarC001135	809G>A	0	6
7167	12758	VUSmut_GDEh13	C03	CCSBVarC001136	905G>T	1	1
7177	0	DisWTGDEh02	C12			1	1
7198	0	DisWTGDEh04	F07			1	1
7201	0	DisWTGDEh01	F08			1	1
7201	12776	VUSmut_GDEh12	G05	CCSBVarC001140	698A>G	1	1
7201	900197	VUSmut_GDEh12	E02	CCSBVarC002917	494G>A	1	1
7215	0	DisWTGDEh03	E01			0	6
7215	1976	VUSmut_GDEh11	F04	CCSBVarC008465	376G>A	1	1
7215	12804	VUSmut_GDEh13	H04	CCSBVarC001145	315G>C	0	4
7215	12825	VUSmut_GDEh13	A05	CCSBVarC001146	800G>C	1	1
7215	216195	VUSmut_GDEh10	H01	CCSBVarC006816	1138T>G	1	1
7215	216199	VUSmut_GDEh10	A04	CCSBVarC006817	1146G>T	0	6
7215	216201	VUSmut_GDEh10	D05	CCSBVarC006818	1274G>T	1	1
7215	216202	VUSmut_GDEh09	B01	CCSBVarC006819	1319A>T	1	1
7323	0	DisWTGDEh02	D09			1	1
7323	394	VUSmut_GDEh11	D04	CCSBVarC008466	152A>G	1	1
7323	1840	VUSmut_GDEh11	F07	CCSBVarC008467	403G>A	1	1
7323	13235	VUSmut_GDEh12	D09	CCSBVarC001160	47T>C	1	1
7323	13254	VUSmut_GDEh12	E09	CCSBVarC001161	239T>C	1	1
7323	13263	VUSmut_GDEh12	F09	CCSBVarC001162	325T>C	1	1
7323	13272	VUSmut_GDEh12	G09	CCSBVarC001163	469C>G	1	1
7323	216369	VUSmut_GDEh06	C04	CCSBVarC006151	110A>T	0	6
7323	216370	VUSmut_GDEh06	H04	CCSBVarC006152	448G>T	1	1
7323	216371	VUSmut_GDEh06	H05	CCSBVarC006153	469C>T	1	1
7389	0	DisWTGDEh04	A02			1	1
7389	247	VUSmut_GDEh11	E03	CCSBVarC008468	736C>T	1	1
7389	248	VUSmut_GDEh11	G04	CCSBVarC008469	533A>G	1	1
7389	249	VUSmut_GDEh11	B06	CCSBVarC008470	110G>A	1	1
7389	1768	VUSmut_GDEh11	F03	CCSBVarC008471	674A>C	1	1
7463	0	DisWTGDEh03	H09			0	99
7465	0	DisWTGDEh02	D03			1	1
7465	82	VUSmut_GDEh11	C05	CCSBVarC008472	121C>G	1	1
7465	216383	VUSmut_GDEh06	C05	CCSBVarC004272	1117T>C	1	1
7473	0	DisWTGDEh04	C07			1	1
7515	0	DisWTGDEh01	C01			0	99
7630	0	DisWTGDEh02	G05			1	1
7634	0	DisWTGDEh01	E04			0	99
7637	0	DisWTGDEh03	B08			1	1
7637	1971	VUSmut_GDEh11	B03	CCSBVarC008473	748G>A	0	99
7637	216439	VUSmut_GDEh05	H06	CCSBVarC004314	1240T>G	1	1
7651	0	DisWTGDEh02	B12			1	1
7651	165	VUSmut_GDEh11	C03	CCSBVarC008474	325G>A	0	7
7651	13838	VUSmut_GDEh13	D02	CCSBVarC001215	266A>G	0	6
7651	13847	VUSmut_GDEh13	E02	CCSBVarC001216	322T>C	1	1
7651	13899	VUSmut_GDEh13	F02	CCSBVarC001217	709T>C	1	1
7651	13909	VUSmut_GDEh13	G02	CCSBVarC001218	854G>A	1	1
7652	0	DisWTGDEh03	F03			1	1
7652	1790	VUSmut_GDEh02	E07	CCSBVarC007618	36G>C	1	1
7652	1794	VUSmut_GDEh02	F07	CCSBVarC007619	281C>T	0	3
7652	1798	VUSmut_GDEh02	G07	CCSBVarC001220	539G>A	1	1
7652	1799	VUSmut_GDEh02	H07	CCSBVarC007621	548T>C	1	1
7652	1800	VUSmut_GDEh02	A08	CCSBVarC007622	568C>T	1	1
7652	1801	VUSmut_GDEh02	B08	CCSBVarC007623	569G>A	1	1
7652	1802	VUSmut_GDEh02	C08	CCSBVarC007624	587A>G	0	3
7652	1803	VUSmut_GDEh02	D08	CCSBVarC007625	619G>A	1	1
7652	1805	VUSmut_GDEh02	E08	CCSBVarC007626	704G>A	0	3
7652	1806	VUSmut_GDEh02	F08	CCSBVarC007627	714C>A	1	1
7652	1807	VUSmut_GDEh02	G08	CCSBVarC007628	734A>G	1	1
7652	1808	VUSmut_GDEh02	H08	CCSBVarC007629	743C>T	1	1
7652	1809	VUSmut_GDEh02	A09	CCSBVarC007630	767T>C	1	1
7652	1810	VUSmut_GDEh02	B09	CCSBVarC007631	847G>A	0	5
7652	1811	VUSmut_GDEh02	C09	CCSBVarC007632	872T>C	1	1
7652	1812	VUSmut_GDEh02	D09	CCSBVarC007633	874C>T	1	1
7652	1817	VUSmut_GDEh02	E09	CCSBVarC007636	914G>A	1	1
7652	1818	VUSmut_GDEh02	F09	CCSBVarC007637	997A>G	1	1
7652	1820	VUSmut_GDEh02	G09	CCSBVarC007639	1004C>T	1	1
7652	1821	VUSmut_GDEh02	H09	CCSBVarC007640	1060T>C	1	1
7652	1824	VUSmut_GDEh02	A10	CCSBVarC007643	1093C>T	0	6
7652	1825	VUSmut_GDEh02	B10	CCSBVarC007644	1193A>G	1	1
7652	1826	VUSmut_GDEh02	C10	CCSBVarC007645	1216C>T	1	1
7652	1827	VUSmut_GDEh02	D10	CCSBVarC007646	1217G>A	1	1
7652	1828	VUSmut_GDEh02	E10	CCSBVarC007647	1217G>T	1	1
7652	1829	VUSmut_GDEh02	F10	CCSBVarC007648	1231T>C	1	1
7652	1830	VUSmut_GDEh02	G10	CCSBVarC007649	1250G>A	1	1
7652	1831	VUSmut_GDEh02	H10	CCSBVarC007650	1256C>T	1	1
7652	1832	VUSmut_GDEh02	A11	CCSBVarC007651	1277T>C	0	4
7652	1834	VUSmut_GDEh02	B11	CCSBVarC001221	1328T>G	0	4
7652	1835	VUSmut_GDEh02	C11	CCSBVarC007652	1351G>A	1	1
7652	1836	VUSmut_GDEh02	D11	CCSBVarC007653	1385C>T	1	1
7652	1837	VUSmut_GDEh02	E11	CCSBVarC007654	1439C>T	1	1
7652	1838	VUSmut_GDEh02	F11	CCSBVarC007655	1514G>A	1	1
7652	1842	VUSmut_GDEh02	G11	CCSBVarC007656	1642A>G	1	1
7652	1846	VUSmut_GDEh02	H11	CCSBVarC007658	1652G>T	0	3
7652	13916	VUSmut_GDEh13	G05	CCSBVarC001219	251T>A	0	6
7652	13919	VUSmut_GDEh13	H05	CCSBVarC001222	1631G>A	1	1
7662	0	DisWTGDEh02	H05			1	1
7662	216446	VUSmut_GDEh09	F02	CCSBVarC006835	323G>T	0	99
7675	0	DisWTGDEh04	F01			1	1
7675	1769	VUSmut_GDEh11	D06	CCSBVarC008475	764G>A	1	1
7675	202585	VUSmut_GDEh07	B04	CCSBVarC005698	769G>A	1	1
7675	202586	VUSmut_GDEh07	C01	CCSBVarC005696	619C>T	1	1
7675	202587	VUSmut_GDEh07	H05	CCSBVarC005699	817A>G	1	1
7675	202588	VUSmut_GDEh07	F02	CCSBVarC005697	710G>T	1	1
7675	202590	VUSmut_GDEh06	H11	CCSBVarC005695	457C>G	1	1
7728	0	DisWTGDEh04	F05			1	1
7756	0	DisWTGDEh02	G07			1	1
7826	0	DisWTGDEh03	H08			1	1
7866	0	DisWTGDEh03	F05			0	6
7866	202616	VUSmut_GDEh06	C07	CCSBVarC003446	520A>G	1	1
7866	202617	VUSmut_GDEh06	B08	CCSBVarC003447	628G>A	1	1
7866	202619	VUSmut_GDEh05	A09	CCSBVarC003448	685T>C	1	1
7866	202620	VUSmut_GDEh06	D09	CCSBVarC003449	757G>T	1	1
7866	202621	VUSmut_GDEh06	D10	CCSBVarC003450	776G>A	1	1
7866	900199	VUSmut_GDEh12	G02	CCSBVarC002919	475C>T	1	1
7866	900201	VUSmut_GDEh12	A03	CCSBVarC002921	1343T>C	1	1
7867	0	DisWTGDEh01	A04			0	99
7918	0	DisWTGDEh03	G06			1	1
7918	209	VUSmut_GDEh11	A08	CCSBVarC008476	287G>A	0	7
7982	0	DisWTGDEh03	H02			1	1
7982	202782	VUSmut_GDEh06	E10	CCSBVarC005922	122T>C	1	1
7982	202783	VUSmut_GDEh08	E02	CCSBVarC005923	134G>A	1	1
7982	202784	VUSmut_GDEh08	D01	CCSBVarC005921	46G>A	0	3
7982	202787	VUSmut_GDEh08	D05	CCSBVarC005933	312C>A	1	1
7982	202788	VUSmut_GDEh08	B03	CCSBVarC005928	209G>A	1	1
7982	202789	VUSmut_GDEh08	F03	CCSBVarC005929	211G>C	1	1
7982	202790	VUSmut_GDEh09	F08	CCSBVarC005932	239A>T	1	1
7982	202792	VUSmut_GDEh09	C10	CCSBVarC005926	172G>A	1	1
7982	202796	VUSmut_GDEh08	F04	CCSBVarC005930	222C>G	1	1
7982	202799	VUSmut_GDEh08	C06	CCSBVarC005935	396T>G	1	1
7982	202800	VUSmut_GDEh08	D07	CCSBVarC005937	428T>A	1	1
7982	202801	VUSmut_GDEh07	E02	CCSBVarC005938	481G>T	1	1
7982	202802	VUSmut_GDEh05	D03	CCSBVarC005936	419G>A	1	1
7982	202803	VUSmut_GDEh08	F12	CCSBVarC005939	503C>T	1	1
7982	202804	VUSmut_GDEh08	H09	CCSBVarC005941	529G>T	1	1
7982	202805	VUSmut_GDEh08	G08	CCSBVarC005940	527C>T	1	1
7982	202806	VUSmut_GDEh07	G05	CCSBVarC005944	595T>G	1	1
7982	202807	VUSmut_GDEh08	D11	CCSBVarC005945	602A>G	1	1
7982	202808	VUSmut_GDEh08	G10	CCSBVarC005942	580G>A	1	1
7982	202809	VUSmut_GDEh07	A04	CCSBVarC005943	582C>G	1	1
7982	202810	VUSmut_GDEh08	A12	CCSBVarC005946	610C>G	1	1
8000	0	DisWTGDEh02	F11			1	1
8143	0	DisWTGDEh03	C01			1	1
8143	202836	VUSmut_GDEh07	B07	CCSBVarC003709	1244G>A	1	1
8143	202838	VUSmut_GDEh07	G08	CCSBVarC003711	1253C>G	1	1
8143	202839	VUSmut_GDEh07	H09	CCSBVarC003712	1253C>A	1	1
8143	202840	VUSmut_GDEh07	A08	CCSBVarC003710	1253C>T	1	1
8143	202841	VUSmut_GDEh07	H10	CCSBVarC003713	1258G>C	0	5
8143	202842	VUSmut_GDEh07	H11	CCSBVarC003714	1259G>A	0	3
8151	0	DisWTGDEh02	G11			0	6
8151	202843	VUSmut_GDEh06	D11	CCSBVarC006164	80T>C	1	1
8151	202844	VUSmut_GDEh06	F11	CCSBVarC006165	104A>G	1	1
8151	202846	VUSmut_GDEh07	B05	CCSBVarC006167	338C>T	1	1
8151	202847	VUSmut_GDEh07	E05	CCSBVarC006168	368C>G	1	1
8151	202848	VUSmut_GDEh07	D02	CCSBVarC006166	304C>T	1	1
8177	0	DisWTGDEh01	C12			1	1
8177	1932	VUSmut_GDEh11	A03	CCSBVarC008477	521C>T	1	1
8177	1933	VUSmut_GDEh11	E04	CCSBVarC008478	347G>A	1	1
8177	216544	VUSmut_GDEh09	G02	CCSBVarC006842	1097A>G	0	6
8314	0	DisWTGDEh04	H05			0	99
8320	0	DisWTGDEh03	G02			1	1
8402	0	DisWTGDEh04	D05			1	1
8409	0	DisWTGDEh01	G01			0	99
8409	216618	VUSmut_GDEh06	C08	CCSBVarC002956	1973T>C	1	1
8409	216619	VUSmut_GDEh06	C09	CCSBVarC002957	1978C>A	1	1
8416	0	DisWTGDEh03	C03			1	1
8416	216621	VUSmut_GDEh08	H02	CCSBVarC005184	211G>T	1	1
8416	216622	VUSmut_GDEh08	A02	CCSBVarC005182	176G>A	1	1
8416	216624	VUSmut_GDEh08	A01	CCSBVarC005181	150G>T	1	1
8416	216625	VUSmut_GDEh09	H07	CCSBVarC005180	2T>C	1	1
8416	216626	VUSmut_GDEh06	D12	CCSBVarC005185	232C>T	1	1
8416	216627	VUSmut_GDEh08	G05	CCSBVarC005190	304C>T	1	1
8416	216631	VUSmut_GDEh07	G01	CCSBVarC005187	233G>T	1	1
8416	216632	VUSmut_GDEh08	A04	CCSBVarC005186	233G>A	1	1
8416	216633	VUSmut_GDEh09	G08	CCSBVarC005188	265C>G	1	1
8416	216635	VUSmut_GDEh08	A09	CCSBVarC005198	572C>G	1	1
8416	216636	VUSmut_GDEh07	F04	CCSBVarC005203	607A>G	1	1
8416	216637	VUSmut_GDEh08	A11	CCSBVarC005202	587G>A	6	6
8416	216638	VUSmut_GDEh08	B10	CCSBVarC005201	586C>A	0	6
8416	216641	VUSmut_GDEh07	B03	CCSBVarC005192	386C>T	1	1
8416	216642	VUSmut_GDEh08	G07	CCSBVarC005196	557G>A	1	1
8416	216643	VUSmut_GDEh08	F06	CCSBVarC005194	520A>G	1	1
8416	216644	VUSmut_GDEh09	D10	CCSBVarC005200	586C>T	1	1
8416	216645	VUSmut_GDEh09	A11	CCSBVarC005197	557G>T	6	6
8416	216646	VUSmut_GDEh09	C05	CCSBVarC005191	373T>C	1	1
8416	216650	VUSmut_GDEh07	C06	CCSBVarC005204	608C>G	1	1
8416	216651	VUSmut_GDEh08	C12	CCSBVarC005206	641T>C	1	1
8416	216652	VUSmut_GDEh09	A07	CCSBVarC005207	751G>T	1	1
8420	0	DisWTGDEh03	D06			1	1
8420	216654	VUSmut_GDEh06	D02	CCSBVarC003761	364G>A	1	1
8420	216655	VUSmut_GDEh08	C02	CCSBVarC003762	384C>A	1	1
8420	216656	VUSmut_GDEh08	D03	CCSBVarC003763	403G>A	1	1
8420	216657	VUSmut_GDEh08	D04	CCSBVarC003764	458A>T	1	1
8420	216659	VUSmut_GDEh08	A06	CCSBVarC003765	760G>A	1	1
8420	216660	VUSmut_GDEh06	G03	CCSBVarC003766	784A>C	1	1
8420	216661	VUSmut_GDEh08	A07	CCSBVarC003767	1052C>G	1	1
8420	216662	VUSmut_GDEh08	B08	CCSBVarC003768	1073G>A	1	1
8420	216664	VUSmut_GDEh08	B09	CCSBVarC003769	1120C>T	1	1
8420	216665	VUSmut_GDEh08	E10	CCSBVarC003770	1243C>T	0	7
8420	216667	VUSmut_GDEh08	E12	CCSBVarC003772	1646A>T	1	1
8420	216668	VUSmut_GDEh08	G11	CCSBVarC003771	1591A>G	1	1
8459	0	DisWTGDEh04	H02			0	99
8514	0	DisWTGDEh04	B08			0	6
8965	0	DisWTGDEh02	F10			1	1
8999	0	DisWTGDEh03	E02			1	1
8999	388	VUSmut_GDEh11	D01	CCSBVarC008479	437A>G	1	1
8999	389	VUSmut_GDEh11	H06	CCSBVarC008480	76G>A	1	1
8999	390	VUSmut_GDEh11	G01	CCSBVarC008481	355G>A	1	1
9194	0	DisWTGDEh02	F05			1	1
9634	0	DisWTGDEh03	E12			0	99
9634	216880	VUSmut_GDEh05	H02	CCSBVarC005998	169C>G	0	5
9634	900213	VUSmut_GDEh12	H03	CCSBVarC002931	599G>A	1	1
9726	0	DisWTGDEh02	B01			1	1
9726	216902	VUSmut_GDEh09	H05	CCSBVarC006898	1322A>C	1	1
9818	0	DisWTGDEh02	E07			1	1
9818	1922	VUSmut_GDEh11	D05	CCSBVarC008482	847G>A	1	1
9818	216917	VUSmut_GDEh05	H05	CCSBVarC004973	706C>T	0	3
9849	0	DisWTGDEh04	H04			1	1
9866	0	DisWTGDEh01	E02			1	1
9866	298	VUSmut_GDEh11	D02	CCSBVarC008483	727C>T	1	1
9866	299	VUSmut_GDEh11	A07	CCSBVarC008484	1019G>A	1	1
9866	216927	VUSmut_GDEh06	F02	CCSBVarC004591	47T>G	1	1
9866	216928	VUSmut_GDEh06	E03	CCSBVarC004592	797T>C	0	3
9905	0	DisWTGDEh01	D06			0	6
9905	216950	VUSmut_GDEh06	F04	CCSBVarC004008	58C>T	1	1
9905	216952	VUSmut_GDEh06	C06	CCSBVarC004010	976G>A	1	1
9962	0	DisWTGDEh02	G06			0	99
9970	0	DisWTGDEh02	E06			1	1
9970	216974	VUSmut_GDEh05	E10	CCSBVarC004533	718G>A	1	1
10122	0	DisWTGDEh02	H03			1	1
10122	217010	VUSmut_GDEh09	E03	CCSBVarC006911	782A>G	0	4
10165	0	DisWTGDEh01	D01			0	99
10177	0	DisWTGDEh01	C06			0	99
10177	18108	VUSmut_GDEh12	F07	CCSBVarC001583	216C>A	1	1
10177	900211	VUSmut_GDEh12	F03	CCSBVarC002929	605G>A	1	1
10343	0	DisWTGDEh04	A08			1	1
10735	0	DisWTGDEh04	E01			1	1
10735	203289	VUSmut_GDEh09	B05	CCSBVarC006448	3G>T	1	1
10735	203291	VUSmut_GDEh09	C06	CCSBVarC006449	389G>T	1	1
10735	203292	VUSmut_GDEh09	H06	CCSBVarC006450	517T>G	1	1
10950	0	DisWTGDEh01	A10			1	1
11032	0	DisWTGDEh02	D04			1	1
11032	18535	VUSmut_GDEh12	E05	CCSBVarC001665	161A>G	1	1
11305	0	DisWTGDEh02	A03			0	99
11305	217226	VUSmut_GDEh05	G09	CCSBVarC003147	1376A>G	1	1
11374	0	DisWTGDEh04	F03			1	1
11374	19275	VUSmut_GDEh13	A02	CCSBVarC001706	257G>A	1	1
11374	19281	VUSmut_GDEh13	B02	CCSBVarC001707	353G>A	1	1
11374	19294	VUSmut_GDEh13	C02	CCSBVarC001708	758T>G	1	1
11374	19295	VUSmut_GDEh13	H01	CCSBVarC001709	844C>T	1	1
11374	203457	VUSmut_GDEh05	F05	CCSBVarC005281	353G>T	1	1
11435	0	DisWTGDEh02	H06			0	6
11435	203467	VUSmut_GDEh05	F02	CCSBVarC006107	244T>G	1	1
11443	0	DisWTGDEh02	A07			0	99
11443	217252	VUSmut_GDEh05	C03	CCSBVarC005988	406G>C	1	1
11451	0	DisWTGDEh01	H07			1	1
11451	217255	VUSmut_GDEh05	F10	CCSBVarC004324	220G>C	1	1
11451	217256	VUSmut_GDEh05	G07	CCSBVarC004325	436G>C	1	1
11556	0	DisWTGDEh03	G08			1	1
11685	0	DisWTGDEh04	C01			1	1
11805	0	DisWTGDEh03	C04			0	2
11805	2113	VUSmut_GDEh01	F09	CCSBVarC007701	175A>G	1	1
11805	2117	VUSmut_GDEh01	G09	CCSBVarC007705	260T>C	0	6
11805	2121	VUSmut_GDEh01	H09	CCSBVarC007709	281G>T	1	1
11805	2123	VUSmut_GDEh01	A10	CCSBVarC007710	326G>A	1	1
11805	2127	VUSmut_GDEh01	B10	CCSBVarC007713	371C>T	0	6
11805	2134	VUSmut_GDEh01	C10	CCSBVarC002944	508A>G	1	1
11805	2136	VUSmut_GDEh01	D10	CCSBVarC007719	636G>A	1	1
11805	2137	VUSmut_GDEh01	E10	CCSBVarC007720	657G>C	1	1
11805	2139	VUSmut_GDEh01	F10	CCSBVarC007722	696G>C	1	1
11805	2140	VUSmut_GDEh01	G10	CCSBVarC004693	715G>A	1	1
11805	2144	VUSmut_GDEh01	H10	CCSBVarC007726	764T>G	1	1
11805	2145	VUSmut_GDEh01	A11	CCSBVarC007727	772G>C	0	4
11805	2147	VUSmut_GDEh01	B11	CCSBVarC004694	782C>T	0	4
11805	2148	VUSmut_GDEh01	C11	CCSBVarC007729	787C>G	1	1
11805	2150	VUSmut_GDEh01	D11	CCSBVarC004695	788C>T	1	1
11805	2151	VUSmut_GDEh01	E11	CCSBVarC007731	802C>T	1	1
11805	2152	VUSmut_GDEh01	F11	CCSBVarC007732	803G>A	0	3
11805	2154	VUSmut_GDEh01	G11	CCSBVarC007733	814G>C	1	1
11805	2155	VUSmut_GDEh01	H11	CCSBVarC007734	821T>C	1	1
11805	2156	VUSmut_GDEh01	A12	CCSBVarC004696	836G>A	1	1
11805	2157	VUSmut_GDEh01	B12	CCSBVarC007735	850G>C	1	1
11805	2158	VUSmut_GDEh01	C12	CCSBVarC004697	859C>T	1	1
11805	2159	VUSmut_GDEh01	D12	CCSBVarC007736	860G>A	0	3
11805	2161	VUSmut_GDEh01	E12	CCSBVarC007737	880G>A	1	1
11805	2163	VUSmut_GDEh01	F12	CCSBVarC007739	922C>T	0	3
11805	2165	VUSmut_GDEh02	A01	CCSBVarC007741	947A>C	1	1
11805	2167	VUSmut_GDEh02	B01	CCSBVarC007743	968G>A	1	1
11805	2168	VUSmut_GDEh02	C01	CCSBVarC007744	1064C>T	1	1
11805	2172	VUSmut_GDEh02	D01	CCSBVarC007748	1091A>G	1	1
11805	2173	VUSmut_GDEh02	E01	CCSBVarC007749	1117C>T	1	1
11805	2176	VUSmut_GDEh02	F01	CCSBVarC007752	1153A>G	1	1
11805	2177	VUSmut_GDEh02	G01	CCSBVarC007753	1154G>C	1	1
11805	2180	VUSmut_GDEh02	H01	CCSBVarC007756	1222G>C	1	1
11805	2181	VUSmut_GDEh02	A02	CCSBVarC007757	1228G>T	1	1
11805	2183	VUSmut_GDEh02	B02	CCSBVarC007759	1269T>A	1	1
11805	20082	VUSmut_GDEh12	B06	CCSBVarC001756	590A>T	1	1
11805	203605	VUSmut_GDEh07	D06	CCSBVarC004697	859C>T	1	1
11805	203606	VUSmut_GDEh07	H01	CCSBVarC004694	782C>T	1	1
11805	203607	VUSmut_GDEh07	C03	CCSBVarC004695	788C>T	1	1
11805	203608	VUSmut_GDEh07	G04	CCSBVarC004696	836G>A	1	1
11805	203609	VUSmut_GDEh06	E12	CCSBVarC004693	715G>A	1	1
11832	0	DisWTGDEh01	E09			1	1
11832	20120	VUSmut_GDEh12	B07	CCSBVarC001763	13G>T	1	1
11832	20121	VUSmut_GDEh12	C07	CCSBVarC001764	24C>G	1	1
11895	0	DisWTGDEh01	A11			0	99
11895	203649	VUSmut_GDEh05	C09	CCSBVarC003334	240G>C	1	1
11907	0	DisWTGDEh04	E03			1	1
11907	217313	VUSmut_GDEh05	B09	CCSBVarC003383	884T>C	1	1
11943	0	DisWTGDEh04	G07			0	99
12016	0	DisWTGDEh01	G10			1	1
12025	0	DisWTGDEh03	C07			1	1
12036	0	DisWTGDEh03	H10			0	99
12043	0	DisWTGDEh02	G03			1	1
12043	203658	VUSmut_GDEh05	H03	CCSBVarC005839	695A>C	1	1
12132	0	DisWTGDEh01	B01			1	1
12343	0	DisWTGDEh01	E07			1	1
12343	203716	VUSmut_GDEh05	A08	CCSBVarC003929	3G>A	1	1
12535	0	DisWTGDEh02	G08			1	1
12554	0	DisWTGDEh04	D01			0	99
12568	0	DisWTGDEh02	D05			1	1
12573	0	DisWTGDEh03	E04			1	1
12573	2217	VUSmut_GDEh01	A01	CCSBVarC007784	46C>T	1	1
12573	2218	VUSmut_GDEh01	B01	CCSBVarC007785	58G>A	1	1
12573	2223	VUSmut_GDEh01	C01	CCSBVarC007790	109C>T	1	1
12573	2225	VUSmut_GDEh01	D01	CCSBVarC007792	130G>A	1	1
12573	2226	VUSmut_GDEh01	E01	CCSBVarC006502	137C>A	1	1
12573	2229	VUSmut_GDEh01	F01	CCSBVarC007794	166G>C	1	1
12573	2237	VUSmut_GDEh01	G01	CCSBVarC007801	250G>A	1	1
12573	2239	VUSmut_GDEh01	H01	CCSBVarC007803	295C>G	0	5
12573	2245	VUSmut_GDEh01	A02	CCSBVarC007808	364T>G	1	1
12573	2246	VUSmut_GDEh01	B02	CCSBVarC007809	376G>T	0	3
12573	2247	VUSmut_GDEh01	C02	CCSBVarC007810	380G>C	1	1
12573	2248	VUSmut_GDEh01	D02	CCSBVarC007811	391C>A	1	1
12573	2249	VUSmut_GDEh01	E02	CCSBVarC007812	404C>T	1	1
12573	2251	VUSmut_GDEh01	F02	CCSBVarC007813	407T>C	1	1
12573	2254	VUSmut_GDEh01	G02	CCSBVarC007816	449G>A	0	3
12573	2263	VUSmut_GDEh01	H02	CCSBVarC007824	635G>A	1	1
12573	2264	VUSmut_GDEh01	A03	CCSBVarC007825	638C>T	1	1
12573	2266	VUSmut_GDEh01	B03	CCSBVarC007827	656C>T	1	1
12573	2267	VUSmut_GDEh01	C03	CCSBVarC007828	665G>A	1	1
12573	2268	VUSmut_GDEh01	D03	CCSBVarC007829	679C>T	1	1
12573	2271	VUSmut_GDEh01	E03	CCSBVarC007832	709G>A	1	1
12573	2273	VUSmut_GDEh01	F03	CCSBVarC007834	727C>T	1	1
12573	2274	VUSmut_GDEh01	G03	CCSBVarC007835	735G>C	1	1
12573	2279	VUSmut_GDEh01	H03	CCSBVarC007839	833G>C	1	1
12573	2284	VUSmut_GDEh01	A04	CCSBVarC007842	935A>C	1	1
12573	2291	VUSmut_GDEh01	B04	CCSBVarC007849	991T>A	1	1
12573	2293	VUSmut_GDEh01	C04	CCSBVarC006506	1009G>C	1	1
12573	2295	VUSmut_GDEh01	D04	CCSBVarC007852	1013T>G	1	1
12573	2296	VUSmut_GDEh01	E04	CCSBVarC007853	1024A>G	1	1
12573	2297	VUSmut_GDEh01	F04	CCSBVarC007854	1027G>A	0	3
12573	2299	VUSmut_GDEh01	G04	CCSBVarC007856	1034T>C	1	1
12573	2301	VUSmut_GDEh01	H04	CCSBVarC007858	1047G>A	1	1
12573	2303	VUSmut_GDEh01	A05	CCSBVarC007860	1049G>C	1	1
12573	2305	VUSmut_GDEh01	B05	CCSBVarC007862	1064G>C	1	1
12573	2306	VUSmut_GDEh01	C05	CCSBVarC007863	1069G>C	1	1
12573	2312	VUSmut_GDEh02	D03	CCSBVarC007868	1166A>C	1	1
12573	2316	VUSmut_GDEh02	E03	CCSBVarC007872	1180G>A	1	1
12573	2317	VUSmut_GDEh02	F03	CCSBVarC007873	1189G>A	1	1
12573	2323	VUSmut_GDEh02	G03	CCSBVarC007877	1237G>A	1	1
12573	2325	VUSmut_GDEh02	H03	CCSBVarC006508	1255C>T	1	1
12573	2327	VUSmut_GDEh02	A04	CCSBVarC007880	1271C>T	1	1
12573	2330	VUSmut_GDEh02	B04	CCSBVarC007882	1297C>A	1	1
12573	2333	VUSmut_GDEh02	C04	CCSBVarC007884	1322A>T	1	1
12573	2336	VUSmut_GDEh02	D04	CCSBVarC006509	1333A>G	1	1
12573	2339	VUSmut_GDEh02	E04	CCSBVarC007888	1358C>T	1	1
12573	203764	VUSmut_GDEh09	A12	CCSBVarC006502	137C>A	1	1
12573	203768	VUSmut_GDEh10	D02	CCSBVarC006503	893C>T	1	1
12573	203769	VUSmut_GDEh10	A03	CCSBVarC006504	821T>C	1	1
12573	203772	VUSmut_GDEh10	E04	CCSBVarC006506	1009G>C	1	1
12573	203781	VUSmut_GDEh09	C11	CCSBVarC006508	1255C>T	1	1
12573	203787	VUSmut_GDEh09	A04	CCSBVarC006510	1405G>A	1	1
12705	0	DisWTGDEh03	G04			1	1
12739	0	DisWTGDEh01	C02			1	1
13022	0	DisWTGDEh04	D04			1	1
13113	0	DisWTGDEh03	F10			0	99
13113	21930	VUSmut_GDEh12	G06	CCSBVarC001938	427C>T	1	1
13113	900217	VUSmut_GDEh12	D04	CCSBVarC002935	227C>T	1	1
13113	900228	VUSmut_GDEh12	H04	CCSBVarC002943	428G>A	1	1
13295	0	DisWTGDEh02	B10			1	1
13295	218056	VUSmut_GDEh09	H11	CCSBVarC006528	191A>G	1	1
13295	218057	VUSmut_GDEh10	A01	CCSBVarC006529	175C>T	0	7
13295	218058	VUSmut_GDEh10	E01	CCSBVarC006530	303T>G	1	1
13295	218059	VUSmut_GDEh10	C02	CCSBVarC006531	358G>A	1	1
13295	218060	VUSmut_GDEh10	F02	CCSBVarC006532	421G>A	1	1
13295	218061	VUSmut_GDEh10	C03	CCSBVarC006533	548T>C	0	6
13295	218062	VUSmut_GDEh10	H03	CCSBVarC006534	575G>A	1	1
13295	218064	VUSmut_GDEh10	H04	CCSBVarC006535	736G>C	1	1
13320	0	DisWTGDEh03	H06			0	99
13479	0	DisWTGDEh01	C04			1	1
13554	0	DisWTGDEh02	C03			1	1
13554	2230	VUSmut_GDEh11	C07	CCSBVarC008485	1181C>T	1	1
13554	2231	VUSmut_GDEh11	H02	CCSBVarC008486	1468C>T	1	1
13554	204026	VUSmut_GDEh05	D07	CCSBVarC003994	1478T>G	1	1
13571	0	DisWTGDEh02	C04			1	1
13571	218098	VUSmut_GDEh05	D04	CCSBVarC005690	808T>G	1	1
13592	0	DisWTGDEh02	C07			1	1
13592	218110	VUSmut_GDEh05	B08	CCSBVarC003893	1345G>A	1	1
13597	0	DisWTGDEh02	B02			1	1
13597	204033	VUSmut_GDEh05	F03	CCSBVarC005868	461A>C	0	99
13796	0	DisWTGDEh03	C06			1	1
13796	218138	VUSmut_GDEh09	G11	CCSBVarC006555	39T>A	1	1
13796	218139	VUSmut_GDEh09	E12	CCSBVarC006556	77G>A	0	99
13796	218140	VUSmut_GDEh10	C01	CCSBVarC006557	49G>C	0	4
13796	218142	VUSmut_GDEh10	H02	CCSBVarC006558	81G>C	0	6
13796	218145	VUSmut_GDEh10	F03	CCSBVarC006559	110C>A	1	1
13796	218146	VUSmut_GDEh10	C04	CCSBVarC006560	174C>A	1	1
13796	218147	VUSmut_GDEh10	F04	CCSBVarC006561	265C>G	5	5
13796	218148	VUSmut_GDEh09	G07	CCSBVarC006562	315G>T	1	1
13796	218149	VUSmut_GDEh09	E08	CCSBVarC006563	298G>A	1	1
13796	218150	VUSmut_GDEh09	E09	CCSBVarC006564	295G>A	1	1
13796	218151	VUSmut_GDEh09	B10	CCSBVarC006565	226C>G	1	1
13796	218153	VUSmut_GDEh09	F04	CCSBVarC006566	131A>G	5	5
13796	218154	VUSmut_GDEh09	F05	CCSBVarC006567	350G>A	0	3
13796	218155	VUSmut_GDEh09	F06	CCSBVarC006568	440A>G	1	1
13796	218157	VUSmut_GDEh09	F03	CCSBVarC006569	349C>T	3	3
13796	218158	VUSmut_GDEh09	C04	CCSBVarC006570	425T>C	3	3
13813	0	DisWTGDEh04	H01			1	1
13939	0	DisWTGDEh02	H11			1	1
13939	204114	VUSmut_GDEh09	B08	CCSBVarC006574	353C>A	1	1
13939	204115	VUSmut_GDEh09	A09	CCSBVarC006575	340A>G	1	1
13939	204116	VUSmut_GDEh09	F09	CCSBVarC006576	340A>C	1	1
13939	204118	VUSmut_GDEh09	E11	CCSBVarC006577	1237G>A	1	1
13939	204120	VUSmut_GDEh09	D01	CCSBVarC006578	1204G>C	1	1
13943	0	DisWTGDEh03	H11			1	1
13943	23001	VUSmut_GDEh12	C08	CCSBVarC002034	140G>T	1	1
13943	23002	VUSmut_GDEh12	B08	CCSBVarC002035	187G>A	1	1
13943	900204	VUSmut_GDEh12	C03	CCSBVarC002923	607G>A	1	1
14019	0	DisWTGDEh01	F09			1	1
14019	218195	VUSmut_GDEh05	H04	CCSBVarC005585	710G>A	1	1
14122	0	DisWTGDEh01	F07			1	1
14202	0	DisWTGDEh02	E02			1	1
14215	0	DisWTGDEh04	E08			1	1
14221	0	DisWTGDEh03	F01			1	1
14221	2241	VUSmut_GDEh11	A01	CCSBVarC008487	742G>A	1	1
14221	218276	VUSmut_GDEh07	H06	CCSBVarC005802	89C>A	1	1
14221	218278	VUSmut_GDEh07	F09	CCSBVarC005805	99C>A	1	1
14221	218279	VUSmut_GDEh07	E08	CCSBVarC005804	98A>C	1	1
14221	218281	VUSmut_GDEh07	F07	CCSBVarC005803	92C>A	1	1
14221	218282	VUSmut_GDEh07	D11	CCSBVarC005807	221A>C	1	1
14221	218283	VUSmut_GDEh07	F10	CCSBVarC005806	185G>A	1	1
14396	0	DisWTGDEh04	B03			1	1
14396	23456	VUSmut_GDEh12	C12	CCSBVarC002090	322T>C	1	1
14396	23457	VUSmut_GDEh12	D12	CCSBVarC002091	395A>T	1	1
14396	23459	VUSmut_GDEh12	E12	CCSBVarC002092	604G>C	1	1
14396	23463	VUSmut_GDEh12	F12	CCSBVarC002093	823G>C	1	1
14396	900163	VUSmut_GDEh12	C01	CCSBVarC002889	91T>C	0	2
14458	0	DisWTGDEh01	G02			1	1
14468	0	DisWTGDEh01	F12			0	99
14468	218332	VUSmut_GDEh06	B05	CCSBVarC005853	148A>C	1	1
14679	0	DisWTGDEh01	B05			0	99
14879	0	DisWTGDEh01	C03			1	1
14879	204320	VUSmut_GDEh05	A06	CCSBVarC004830	378T>G	0	99
14910	0	DisWTGDEh02	H10			0	99
14910	990	VUSmut_GDEh11	E05	CCSBVarC008488	142G>T	1	1
14966	0	DisWTGDEh02	A09			1	1
14966	218511	VUSmut_GDEh07	H07	CCSBVarC004264	160T>C	1	1
14966	218512	VUSmut_GDEh05	B07	CCSBVarC004266	184G>T	1	1
14966	218513	VUSmut_GDEh07	D07	CCSBVarC004263	158G>T	1	1
14966	218514	VUSmut_GDEh07	C10	CCSBVarC004267	187A>G	1	1
14966	218516	VUSmut_GDEh07	D09	CCSBVarC004265	164G>C	1	1
14966	218520	VUSmut_GDEh07	G11	CCSBVarC004269	1360C>T	1	1
14966	218521	VUSmut_GDEh07	A11	CCSBVarC004268	1300G>A	0	99
14973	0	DisWTGDEh03	A12			0	6
14973	218575	VUSmut_GDEh08	D08	CCSBVarC003561	992G>A	1	1
14973	218587	VUSmut_GDEh08	D09	CCSBVarC003562	1210A>G	1	1
14973	218591	VUSmut_GDEh09	C08	CCSBVarC003563	1427G>A	1	1
52694	0	DisWTGDEh04	A07			1	1
52828	0	DisWTGDEh04	G05			1	1
52920	0	DisWTGDEh03	A05			1	1
52920	2662	VUSmut_GDEh02	F04	CCSBVarC007930	479G>A	0	3
52920	2665	VUSmut_GDEh02	G04	CCSBVarC007931	430G>A	1	1
52920	2666	VUSmut_GDEh02	H04	CCSBVarC007932	408C>A	1	1
52920	2667	VUSmut_GDEh02	A05	CCSBVarC007933	404C>G	1	1
52920	2668	VUSmut_GDEh02	B05	CCSBVarC002196	403C>T	1	1
52920	2669	VUSmut_GDEh02	C05	CCSBVarC007934	403C>A	1	1
52920	2670	VUSmut_GDEh02	D05	CCSBVarC007935	388G>A	0	3
52920	2671	VUSmut_GDEh02	E05	CCSBVarC007936	386C>T	1	1
52920	2673	VUSmut_GDEh02	F05	CCSBVarC006149	364C>G	1	1
52920	2674	VUSmut_GDEh02	G05	CCSBVarC007937	352T>C	1	1
52920	2675	VUSmut_GDEh02	H05	CCSBVarC007938	346T>G	1	1
52920	2676	VUSmut_GDEh02	A06	CCSBVarC006148	344C>A	0	5
52920	2677	VUSmut_GDEh02	B06	CCSBVarC002195	334G>A	1	1
52920	2678	VUSmut_GDEh02	C06	CCSBVarC002194	332C>G	1	1
52920	2681	VUSmut_GDEh02	D06	CCSBVarC007939	251C>T	1	1
52920	2682	VUSmut_GDEh02	E06	CCSBVarC007940	241G>A	0	3
52920	2683	VUSmut_GDEh02	F06	CCSBVarC007941	158G>C	1	1
52920	2684	VUSmut_GDEh02	G06	CCSBVarC007942	151C>T	0	3
52920	2685	VUSmut_GDEh02	H06	CCSBVarC002193	146C>T	0	3
52920	2686	VUSmut_GDEh02	A07	CCSBVarC007943	115C>T	1	1
52920	2687	VUSmut_GDEh02	B07	CCSBVarC007944	100C>A	1	1
52920	2688	VUSmut_GDEh02	C07	CCSBVarC007945	88A>T	1	1
52920	2689	VUSmut_GDEh02	D07	CCSBVarC007946	44C>T	1	1
52920	218636	VUSmut_GDEh05	C11	CCSBVarC006148	344C>A	1	1
52920	218637	VUSmut_GDEh05	D12	CCSBVarC006149	364C>G	1	1
52920	900154	VUSmut_GDEh12	A01	CCSBVarC002882	274A>G	1	1
53030	0	DisWTGDEh01	A05			1	1
53030	218690	VUSmut_GDEh05	E08	CCSBVarC003760	806T>G	1	1
53065	0	DisWTGDEh01	H01			0	7
53065	25904	VUSmut_GDEh12	H06	CCSBVarC002224	43G>A	1	1
53065	25905	VUSmut_GDEh12	A07	CCSBVarC002225	386T>A	1	1
53089	0	DisWTGDEh02	D11			1	1
53456	0	DisWTGDEh02	D02			1	1
53479	0	DisWTGDEh01	F01			1	1
53657	0	DisWTGDEh03	A01			0	99
53657	27193	VUSmut_GDEh13	B04	CCSBVarC002260	210G>T	1	1
53657	27195	VUSmut_GDEh13	G03	CCSBVarC002261	560C>T	1	1
53657	27196	VUSmut_GDEh13	H03	CCSBVarC002262	725T>C	1	1
53657	27199	VUSmut_GDEh13	A04	CCSBVarC002263	1087A>G	0	3
53657	900167	VUSmut_GDEh12	D01	CCSBVarC002893	155G>T	1	1
53737	0	DisWTGDEh03	E10			0	99
53737	27473	VUSmut_GDEh12	H07	CCSBVarC002276	859C>T	1	1
53737	27474	VUSmut_GDEh12	A08	CCSBVarC002277	1016G>A	1	1
53737	900226	VUSmut_GDEh12	G04	CCSBVarC002941	1220C>A	1	1
53777	0	DisWTGDEh01	H06			1	1
53798	0	DisWTGDEh02	C02			1	1
53798	218765	VUSmut_GDEh05	A04	CCSBVarC005816	622G>T	1	1
53820	0	DisWTGDEh02	C05			0	99
53965	0	DisWTGDEh02	E12			0	6
53965	204888	VUSmut_GDEh05	F12	CCSBVarC005063	143C>T	1	1
53965	204889	VUSmut_GDEh05	A12	CCSBVarC005062	110G>A	1	1
54082	0	DisWTGDEh02	B06			1	1
54082	204946	VUSmut_GDEh05	C07	CCSBVarC004157	581C>A	1	1
54175	0	DisWTGDEh03	E11			0	6
54175	27913	VUSmut_GDEh12	E10	CCSBVarC002315	278G>T	0	2
54175	27915	VUSmut_GDEh12	D10	CCSBVarC002317	499G>A	1	1
54175	27916	VUSmut_GDEh12	F10	CCSBVarC002318	596T>C	1	1
54175	218808	VUSmut_GDEh09	A02	CCSBVarC002316	319C>A	1	1
54230	0	DisWTGDEh04	E04			1	1
54230	2462	VUSmut_GDEh11	H01	CCSBVarC008489	319G>A	1	1
54230	2463	VUSmut_GDEh11	G05	CCSBVarC008490	199G>A	1	1
54230	218818	VUSmut_GDEh05	B04	CCSBVarC005752	413C>G	1	1
54308	0	DisWTGDEh03	B04			5	6
54308	3007	VUSmut_GDEh04	D03	CCSBVarC007999	2428C>T	1	1
54308	3014	VUSmut_GDEh04	E03	CCSBVarC008001	2392G>A	0	3
54308	3025	VUSmut_GDEh04	F03	CCSBVarC008003	2254T>C	1	1
54308	3026	VUSmut_GDEh04	G03	CCSBVarC008004	2246C>A	1	1
54308	3030	VUSmut_GDEh04	H03	CCSBVarC008006	2171A>C	1	1
54308	3040	VUSmut_GDEh04	A04	CCSBVarC008009	1952G>A	0	6
54308	3045	VUSmut_GDEh04	B04	CCSBVarC008010	1794C>A	5	5
54308	3048	VUSmut_GDEh04	C04	CCSBVarC008011	1744T>A	0	6
54308	3052	VUSmut_GDEh04	D04	CCSBVarC008012	1711T>A	1	1
54308	3056	VUSmut_GDEh04	E04	CCSBVarC008015	1627G>A	1	1
54308	3059	VUSmut_GDEh04	F04	CCSBVarC008016	1576G>A	0	3
54308	3061	VUSmut_GDEh04	G04	CCSBVarC008018	1537A>G	1	1
54308	3064	VUSmut_GDEh04	H04	CCSBVarC008019	1483C>G	0	5
54308	3065	VUSmut_GDEh04	A05	CCSBVarC003108	1460T>G	1	1
54308	3067	VUSmut_GDEh04	B05	CCSBVarC003107	1445C>T	1	1
54308	3068	VUSmut_GDEh04	C05	CCSBVarC008021	1444A>G	0	5
54308	3069	VUSmut_GDEh04	D05	CCSBVarC008022	1442T>G	1	1
54308	3072	VUSmut_GDEh04	E05	CCSBVarC008023	1415A>G	1	1
54308	3075	VUSmut_GDEh04	F05	CCSBVarC008024	1372A>G	0	5
54308	3077	VUSmut_GDEh04	G05	CCSBVarC003106	1271T>C	1	1
54308	3078	VUSmut_GDEh04	H05	CCSBVarC008026	1238G>A	0	5
54308	3080	VUSmut_GDEh04	A06	CCSBVarC008028	1181T>A	0	5
54308	3083	VUSmut_GDEh04	B06	CCSBVarC008029	1138G>A	1	1
54308	3084	VUSmut_GDEh04	C06	CCSBVarC008030	1130T>C	1	1
54308	3085	VUSmut_GDEh04	D06	CCSBVarC003105	1114G>C	1	1
54308	3086	VUSmut_GDEh04	E06	CCSBVarC008031	1097T>C	1	1
54308	3087	VUSmut_GDEh04	F06	CCSBVarC008032	1095G>A	1	1
54308	3088	VUSmut_GDEh04	G06	CCSBVarC008033	1093A>G	1	1
54308	3089	VUSmut_GDEh04	H06	CCSBVarC008034	1079T>C	5	5
54308	3101	VUSmut_GDEh04	A07	CCSBVarC002897	791C>T	0	3
54308	3106	VUSmut_GDEh04	B07	CCSBVarC008038	725C>T	1	1
54308	3109	VUSmut_GDEh04	C07	CCSBVarC008039	681C>G	0	5
54308	3110	VUSmut_GDEh04	D07	CCSBVarC008040	611G>A	0	3
54308	3123	VUSmut_GDEh04	E07	CCSBVarC002339	419C>T	1	1
54308	3126	VUSmut_GDEh04	F07	CCSBVarC008045	406G>A	0	3
54308	3128	VUSmut_GDEh04	G07	CCSBVarC008046	302G>A	0	3
54308	3133	VUSmut_GDEh04	H07	CCSBVarC008048	202G>A	1	1
54308	3134	VUSmut_GDEh04	A08	CCSBVarC008049	193G>T	0	6
54308	3136	VUSmut_GDEh04	B08	CCSBVarC008050	184C>A	1	1
54308	3137	VUSmut_GDEh04	C08	CCSBVarC008051	176A>T	0	5
54308	3142	VUSmut_GDEh04	D08	CCSBVarC008052	76G>A	1	1
54308	3145	VUSmut_GDEh04	E08	CCSBVarC008053	14G>A	1	1
54308	28253	VUSmut_GDEh13	F06	CCSBVarC002340	982G>A	3	3
54308	28264	VUSmut_GDEh13	G06	CCSBVarC002341	1828A>C	3	3
54308	28266	VUSmut_GDEh13	H06	CCSBVarC002342	1930T>C	6	6
54308	218853	VUSmut_GDEh08	B06	CCSBVarC003105	1114G>C	1	1
54308	218854	VUSmut_GDEh08	B07	CCSBVarC003106	1271T>C	1	1
54308	218855	VUSmut_GDEh08	F09	CCSBVarC003108	1460T>G	1	1
54308	218856	VUSmut_GDEh08	F08	CCSBVarC003107	1445C>T	0	3
54364	0	DisWTGDEh04	E06			1	1
54459	0	DisWTGDEh01	B04			1	1
54459	205019	VUSmut_GDEh09	H02	CCSBVarC006404	857G>A	0	99
54484	0	DisWTGDEh02	B07			1	1
54484	2333	VUSmut_GDEh11	F05	CCSBVarC008491	1189G>A	1	1
54847	0	DisWTGDEh03	F12			0	99
54914	0	DisWTGDEh03	H07			1	1
54914	28861	VUSmut_GDEh13	D04	CCSBVarC002396	355C>T	1	1
54914	28864	VUSmut_GDEh13	G04	CCSBVarC002397	658C>T	1	1
54914	28866	VUSmut_GDEh13	E04	CCSBVarC002398	818T>C	1	1
54914	28869	VUSmut_GDEh13	F04	CCSBVarC002399	1297C>T	0	6
55014	0	DisWTGDEh04	E05			1	1
55128	0	DisWTGDEh03	D10			1	1
55222	0	DisWTGDEh02	F03			1	1
55246	0	DisWTGDEh03	B06			1	1
55246	3211	VUSmut_GDEh02	A12	CCSBVarC008107	2215C>A	1	1
55246	3214	VUSmut_GDEh02	B12	CCSBVarC008108	2023T>A	1	1
55246	3215	VUSmut_GDEh02	C12	CCSBVarC003082	2017G>A	1	1
55246	3217	VUSmut_GDEh02	D12	CCSBVarC003080	1895A>T	0	3
55246	3218	VUSmut_GDEh02	E12	CCSBVarC008109	1885G>T	1	1
55246	3219	VUSmut_GDEh02	F12	CCSBVarC008110	1757C>T	1	1
55246	3220	VUSmut_GDEh03	A01	CCSBVarC008111	1471C>T	0	6
55246	3221	VUSmut_GDEh03	B01	CCSBVarC008112	1366G>A	1	1
55246	3224	VUSmut_GDEh03	C01	CCSBVarC008113	1145C>T	1	1
55246	3236	VUSmut_GDEh03	D01	CCSBVarC008114	176C>T	1	1
55246	30086	VUSmut_GDEh12	E08	CCSBVarC002419	1016A>G	1	1
55246	30087	VUSmut_GDEh12	D08	CCSBVarC002420	1131C>G	1	1
55246	219170	VUSmut_GDEh05	H11	CCSBVarC003079	698G>A	0	6
55246	219175	VUSmut_GDEh06	E02	CCSBVarC003080	1895A>T	1	1
55246	219176	VUSmut_GDEh07	E09	CCSBVarC003081	1900G>C	1	1
55246	219177	VUSmut_GDEh07	C11	CCSBVarC003083	2042A>C	1	1
55246	219180	VUSmut_GDEh06	H03	CCSBVarC003082	2017G>A	1	1
55246	219181	VUSmut_GDEh07	E12	CCSBVarC003084	2461T>C	1	1
55247	0	DisWTGDEh04	D08			0	99
55247	30088	VUSmut_GDEh12	H05	CCSBVarC002421	484A>G	0	5
55247	900232	VUSmut_GDEh12	B05	CCSBVarC002947	725G>A	1	1
55531	0	DisWTGDEh03	F09			0	99
55732	0	DisWTGDEh04	C06			1	1
55795	0	DisWTGDEh04	C08			1	1
55834	0	DisWTGDEh01	D05			1	1
55834	219366	VUSmut_GDEh09	A03	CCSBVarC006410	1219G>A	0	4
55855	0	DisWTGDEh02	A11			0	99
55855	219414	VUSmut_GDEh06	E05	CCSBVarC003451	556A>T	1	1
55855	219419	VUSmut_GDEh07	D10	CCSBVarC003453	1435A>C	1	1
55855	219420	VUSmut_GDEh07	C12	CCSBVarC003454	1462G>A	1	1
55855	219422	VUSmut_GDEh07	B09	CCSBVarC003452	1427A>T	1	1
55855	900198	VUSmut_GDEh12	F02	CCSBVarC002918	656G>A	1	1
55864	0	DisWTGDEh03	G07			0	99
56023	0	DisWTGDEh04	B02			0	99
56023	31341	VUSmut_GDEh12	G10	CCSBVarC002520	271G>C	1	1
56023	31342	VUSmut_GDEh12	H10	CCSBVarC002521	593T>C	1	1
56023	31343	VUSmut_GDEh12	A11	CCSBVarC002522	667C>A	0	99
56023	31344	VUSmut_GDEh12	B11	CCSBVarC002523	692G>T	0	99
56108	0	DisWTGDEh04	D03			1	1
56245	0	DisWTGDEh04	F06			0	99
56266	0	DisWTGDEh01	D11			1	1
56278	0	DisWTGDEh01	B07			1	1
56360	0	DisWTGDEh01	A02			1	1
56360	205331	VUSmut_GDEh05	G08	CCSBVarC003658	511C>T	1	1
56360	205332	VUSmut_GDEh05	G10	CCSBVarC003659	1631A>G	1	1
56582	0	DisWTGDEh01	A09			1	1
56661	0	DisWTGDEh03	A07			1	1
56661	3333	VUSmut_GDEh04	F08	CCSBVarC008141	2267A>G	0	5
56661	3346	VUSmut_GDEh04	G08	CCSBVarC008142	1665C>A	1	1
56661	3347	VUSmut_GDEh04	H08	CCSBVarC008143	1590C>A	0	6
56661	3348	VUSmut_GDEh04	A09	CCSBVarC008144	1586C>T	1	1
56661	3349	VUSmut_GDEh04	B09	CCSBVarC008145	1569C>G	5	5
56661	3350	VUSmut_GDEh04	C09	CCSBVarC008146	1533C>G	1	1
56661	3355	VUSmut_GDEh04	D09	CCSBVarC008147	1322A>G	1	1
56661	3356	VUSmut_GDEh04	E09	CCSBVarC008148	1222G>C	0	5
56661	3357	VUSmut_GDEh04	F09	CCSBVarC008149	1222G>A	0	6
56661	3360	VUSmut_GDEh04	G09	CCSBVarC006426	1042T>C	1	1
56661	3363	VUSmut_GDEh04	H09	CCSBVarC008150	956A>T	1	1
56661	3366	VUSmut_GDEh04	A10	CCSBVarC008151	811G>C	1	1
56661	3367	VUSmut_GDEh04	B10	CCSBVarC008152	620G>A	1	1
56661	3368	VUSmut_GDEh04	C10	CCSBVarC008153	566A>G	0	6
56661	3370	VUSmut_GDEh04	D10	CCSBVarC008154	511G>A	1	1
56661	219631	VUSmut_GDEh09	B12	CCSBVarC006426	1042T>C	0	6
56661	219633	VUSmut_GDEh10	A02	CCSBVarC006427	1024G>T	1	1
56661	219641	VUSmut_GDEh09	D08	CCSBVarC006428	1813G>A	1	1
56661	219642	VUSmut_GDEh09	B09	CCSBVarC006429	1754C>A	5	5
56661	219643	VUSmut_GDEh09	H09	CCSBVarC006430	1754C>G	1	1
56661	219644	VUSmut_GDEh09	F10	CCSBVarC006431	1754C>T	1	1
56661	219645	VUSmut_GDEh09	F11	CCSBVarC006432	1760A>G	0	6
56661	219647	VUSmut_GDEh09	B06	CCSBVarC006433	2042C>G	1	1
56661	219650	VUSmut_GDEh09	B04	CCSBVarC006434	2153G>C	0	5
56749	0	DisWTGDEh02	F07			1	1
56779	0	DisWTGDEh01	F04			1	1
56822	0	DisWTGDEh03	C12			0	99
56918	0	DisWTGDEh04	A05			1	1
56918	32878	VUSmut_GDEh12	F06	CCSBVarC002625	731G>A	1	1
56918	900214	VUSmut_GDEh12	A04	CCSBVarC002932	2032A>G	0	3
56918	900215	VUSmut_GDEh12	B04	CCSBVarC002933	2416C>G	1	1
56918	900216	VUSmut_GDEh12	C04	CCSBVarC002934	742C>G	1	1
56918	900222	VUSmut_GDEh12	F04	CCSBVarC002939	767C>T	1	1
70357	0	DisWTGDEh02	C08			1	1
70368	0	DisWTGDEh02	A12			1	1
70368	205542	VUSmut_GDEh06	D06	CCSBVarC005604	280C>T	1	1
70368	205543	VUSmut_GDEh06	E08	CCSBVarC005606	343G>T	1	1
70368	205544	VUSmut_GDEh06	D07	CCSBVarC005605	322C>A	1	1
70368	205545	VUSmut_GDEh05	G04	CCSBVarC005608	818A>T	1	1
70368	205546	VUSmut_GDEh06	E09	CCSBVarC005607	550C>T	1	1
70457	0	DisWTGDEh01	G11			1	1
70497	0	DisWTGDEh03	D04			1	1
70497	3780	VUSmut_GDEh01	D05	CCSBVarC008156	28C>G	1	1
70497	3782	VUSmut_GDEh01	E05	CCSBVarC008157	32C>A	1	1
70497	3785	VUSmut_GDEh01	F05	CCSBVarC008159	35A>G	1	1
70497	3786	VUSmut_GDEh01	G05	CCSBVarC008160	65A>G	1	1
70497	3789	VUSmut_GDEh01	H05	CCSBVarC008163	106C>T	1	1
70497	3791	VUSmut_GDEh01	A06	CCSBVarC004880	121G>A	1	1
70497	3792	VUSmut_GDEh01	B06	CCSBVarC008165	122G>A	1	1
70497	3796	VUSmut_GDEh01	C06	CCSBVarC008169	145A>C	1	1
70497	3802	VUSmut_GDEh01	D06	CCSBVarC008175	244G>C	1	1
70497	3805	VUSmut_GDEh01	E06	CCSBVarC008176	254C>A	1	1
70497	3812	VUSmut_GDEh01	F06	CCSBVarC008181	332G>A	1	1
70497	3814	VUSmut_GDEh01	G06	CCSBVarC008183	346G>A	1	1
70497	3815	VUSmut_GDEh01	H06	CCSBVarC008184	352C>T	1	1
70497	3818	VUSmut_GDEh01	A07	CCSBVarC008187	385G>C	1	1
70497	3821	VUSmut_GDEh01	B07	CCSBVarC004882	454T>A	1	1
70497	3825	VUSmut_GDEh01	C07	CCSBVarC008190	481G>A	1	1
70497	3826	VUSmut_GDEh01	D07	CCSBVarC008191	481G>C	1	1
70497	3828	VUSmut_GDEh01	E07	CCSBVarC008193	484G>A	0	3
70497	3835	VUSmut_GDEh01	F07	CCSBVarC008198	557C>T	1	1
70497	3837	VUSmut_GDEh01	G07	CCSBVarC002677	560C>T	1	1
70497	3839	VUSmut_GDEh01	H07	CCSBVarC008200	583A>C	1	1
70497	3843	VUSmut_GDEh01	A08	CCSBVarC008203	601G>A	1	1
70497	3845	VUSmut_GDEh01	B08	CCSBVarC008205	605T>A	1	1
70497	3848	VUSmut_GDEh01	C08	CCSBVarC008207	628G>C	0	3
70497	3850	VUSmut_GDEh01	D08	CCSBVarC008209	653C>T	1	1
70497	3851	VUSmut_GDEh01	E08	CCSBVarC008210	661T>C	1	1
70497	3857	VUSmut_GDEh01	F08	CCSBVarC008212	742G>T	1	1
70497	3858	VUSmut_GDEh01	G08	CCSBVarC008213	743C>T	1	1
70497	3863	VUSmut_GDEh01	H08	CCSBVarC008216	822G>C	1	1
70497	3865	VUSmut_GDEh01	A09	CCSBVarC008217	836T>C	1	1
70497	3866	VUSmut_GDEh01	B09	CCSBVarC008218	837T>G	0	5
70497	3867	VUSmut_GDEh01	C09	CCSBVarC008219	839C>T	1	1
70497	3872	VUSmut_GDEh01	D09	CCSBVarC008222	865C>T	0	6
70497	3873	VUSmut_GDEh01	E09	CCSBVarC008223	866G>A	1	1
70497	3874	VUSmut_GDEh02	C02	CCSBVarC008224	883G>A	1	1
70497	3875	VUSmut_GDEh02	D02	CCSBVarC008225	893T>C	0	6
70497	3876	VUSmut_GDEh02	E02	CCSBVarC008226	901C>T	1	1
70497	3878	VUSmut_GDEh02	F02	CCSBVarC008228	956C>T	1	1
70497	3879	VUSmut_GDEh02	G02	CCSBVarC008229	976G>A	0	3
70497	3881	VUSmut_GDEh02	H02	CCSBVarC004890	1020A>G	1	1
70497	3882	VUSmut_GDEh02	A03	CCSBVarC008230	1023C>A	0	4
70497	3888	VUSmut_GDEh02	B03	CCSBVarC008234	1111G>A	0	6
70497	3889	VUSmut_GDEh02	C03	CCSBVarC008235	1142G>A	1	1
70497	34545	VUSmut_GDEh13	D03	CCSBVarC002676	32C>T	1	1
70497	205584	VUSmut_GDEh06	G08	CCSBVarC004882	454T>A	1	1
70497	205585	VUSmut_GDEh06	H09	CCSBVarC004883	466G>A	1	1
70497	205586	VUSmut_GDEh07	C07	CCSBVarC004885	590G>A	1	1
70497	205592	VUSmut_GDEh07	E11	CCSBVarC004890	1020A>G	1	1
70500	0	DisWTGDEh01	E08			1	1
70500	205593	VUSmut_GDEh05	B12	CCSBVarC002959	1002C>A	0	3
70533	0	DisWTGDEh02	D08			1	1
70681	0	DisWTGDEh02	E01			0	99
71001	0	DisWTGDEh04	C02			1	1
71001	205673	VUSmut_GDEh06	A08	CCSBVarC003503	1490C>A	1	1
71001	205674	VUSmut_GDEh06	B07	CCSBVarC003502	1489C>T	1	1
71001	205675	VUSmut_GDEh05	H08	CCSBVarC003504	1516C>A	1	1
71001	205676	VUSmut_GDEh06	B09	CCSBVarC003505	1525C>T	1	1
71001	205677	VUSmut_GDEh06	C10	CCSBVarC003506	1573C>T	1	1
71045	0	DisWTGDEh02	B08			0	99
71075	0	DisWTGDEh01	F05			1	1
71077	0	DisWTGDEh03	E07			0	6
71077	220310	VUSmut_GDEh09	E05	CCSBVarC006915	460C>T	1	1
71077	220312	VUSmut_GDEh09	E06	CCSBVarC002714	818G>C	0	6
71077	220313	VUSmut_GDEh09	D07	CCSBVarC002715	823G>A	1	1
71077	220314	VUSmut_GDEh09	E01	CCSBVarC002716	949G>A	1	1
71191	0	DisWTGDEh02	F12			1	1
71191	205704	VUSmut_GDEh06	C02	CCSBVarC003792	794C>A	1	1
71191	205705	VUSmut_GDEh06	F03	CCSBVarC003793	1589G>A	1	1
71206	0	DisWTGDEh02	C09			1	1
71206	205717	VUSmut_GDEh07	D08	CCSBVarC003245	430A>G	1	1
71206	205718	VUSmut_GDEh07	C09	CCSBVarC003246	598G>C	1	1
71206	205719	VUSmut_GDEh05	D09	CCSBVarC003247	1175C>T	1	1
71206	205720	VUSmut_GDEh07	E10	CCSBVarC003248	1545C>G	1	1
71206	205721	VUSmut_GDEh05	H10	CCSBVarC003249	1680G>C	1	1
71206	205722	VUSmut_GDEh07	B11	CCSBVarC003250	1704G>C	0	99
71206	205723	VUSmut_GDEh07	D12	CCSBVarC003251	1939G>A	1	1
71258	0	DisWTGDEh01	E03			0	99
71258	220347	VUSmut_GDEh05	H07	CCSBVarC004024	281T>A	1	1
71286	0	DisWTGDEh01	D08			1	1
71286	205731	VUSmut_GDEh05	A07	CCSBVarC004312	581G>A	1	1
71337	0	DisWTGDEh03	F06			0	6
71337	3938	VUSmut_GDEh03	E01	CCSBVarC008267	28C>T	0	5
71337	3940	VUSmut_GDEh03	F01	CCSBVarC008268	49G>C	0	6
71337	3941	VUSmut_GDEh03	G01	CCSBVarC008269	356G>A	1	1
71337	3942	VUSmut_GDEh03	H01	CCSBVarC008270	584A>G	0	6
71337	3943	VUSmut_GDEh03	A02	CCSBVarC008271	589G>A	1	1
71337	3944	VUSmut_GDEh03	B02	CCSBVarC008272	593T>G	1	1
71337	3945	VUSmut_GDEh03	C02	CCSBVarC008273	600C>G	1	1
71337	3946	VUSmut_GDEh03	D02	CCSBVarC008274	673G>A	1	1
71337	3947	VUSmut_GDEh03	E02	CCSBVarC008275	706G>A	0	3
71337	3948	VUSmut_GDEh03	F02	CCSBVarC003578	728C>T	1	1
71337	3949	VUSmut_GDEh03	G02	CCSBVarC008276	796A>G	0	3
71337	3950	VUSmut_GDEh03	H02	CCSBVarC008277	854C>T	1	1
71337	3951	VUSmut_GDEh03	A03	CCSBVarC003579	1073C>T	1	1
71337	3952	VUSmut_GDEh03	B03	CCSBVarC003580	1075G>A	1	1
71337	3955	VUSmut_GDEh03	C03	CCSBVarC008278	1292C>A	0	5
71337	3957	VUSmut_GDEh03	D03	CCSBVarC008279	1369G>A	1	1
71337	3960	VUSmut_GDEh03	E03	CCSBVarC003581	1411C>T	1	1
71337	205769	VUSmut_GDEh07	E07	CCSBVarC003578	728C>T	1	1
71337	205770	VUSmut_GDEh07	A09	CCSBVarC003580	1075G>A	1	1
71337	205771	VUSmut_GDEh07	C08	CCSBVarC003579	1073C>T	1	1
71337	205772	VUSmut_GDEh07	B10	CCSBVarC003581	1411C>T	1	1
71337	205774	VUSmut_GDEh07	B12	CCSBVarC003582	1672C>T	1	1
71354	0	DisWTGDEh01	H03			0	99
71354	205775	VUSmut_GDEh09	D02	CCSBVarC006937	136A>C	0	99
71427	0	DisWTGDEh01	A03			1	1
71591	0	DisWTGDEh01	C08			1	1
71592	0	DisWTGDEh01	B12			0	99
71592	206017	VUSmut_GDEh09	B03	CCSBVarC006914	352C>T	0	99
71642	0	DisWTGDEh01	E01			1	1
71892	0	DisWTGDEh03	B03			1	1
71892	3996	VUSmut_GDEh04	E10	CCSBVarC008280	1402G>A	1	1
71892	3998	VUSmut_GDEh04	F10	CCSBVarC008281	1388C>T	1	1
71892	3999	VUSmut_GDEh04	G10	CCSBVarC008282	1361C>A	0	5
71892	4001	VUSmut_GDEh04	H10	CCSBVarC008283	1103C>T	1	1
71892	4002	VUSmut_GDEh04	A11	CCSBVarC008284	1069G>A	0	4
71892	4003	VUSmut_GDEh04	B11	CCSBVarC002843	983G>T	0	3
71892	4004	VUSmut_GDEh04	C11	CCSBVarC008285	917G>A	1	1
71892	4005	VUSmut_GDEh04	D11	CCSBVarC008286	848C>T	1	1
71892	4006	VUSmut_GDEh04	E11	CCSBVarC008287	799G>C	1	1
71892	4008	VUSmut_GDEh04	F11	CCSBVarC008288	748G>C	0	3
71892	4009	VUSmut_GDEh04	G11	CCSBVarC002842	733A>C	1	1
71892	4010	VUSmut_GDEh04	H11	CCSBVarC008289	676G>A	1	1
71892	4011	VUSmut_GDEh04	A12	CCSBVarC008290	662G>T	0	5
71892	4012	VUSmut_GDEh04	B12	CCSBVarC008291	656T>C	1	1
71892	4013	VUSmut_GDEh04	C12	CCSBVarC008292	653C>T	0	5
71892	4014	VUSmut_GDEh04	D12	CCSBVarC008293	627C>G	1	1
71892	4015	VUSmut_GDEh04	E12	CCSBVarC008294	614T>C	1	1
71892	4016	VUSmut_GDEh04	F12	CCSBVarC008295	605G>A	0	5
71892	4017	VUSmut_GDEh05	A01	CCSBVarC008296	599G>A	0	5
71892	4018	VUSmut_GDEh05	B01	CCSBVarC008297	406G>A	1	1
71892	4019	VUSmut_GDEh05	C01	CCSBVarC008298	398G>A	1	1
71892	4020	VUSmut_GDEh05	D01	CCSBVarC008299	362C>T	1	1
71892	4021	VUSmut_GDEh05	E01	CCSBVarC008300	267G>A	1	1
71892	4022	VUSmut_GDEh05	F01	CCSBVarC008301	263C>T	0	5
71892	4025	VUSmut_GDEh05	G01	CCSBVarC008302	115C>G	1	1
71892	4026	VUSmut_GDEh05	H01	CCSBVarC008303	81G>T	1	1
71892	4027	VUSmut_GDEh05	A02	CCSBVarC008304	44G>A	1	1
71892	4028	VUSmut_GDEh05	B02	CCSBVarC008305	19A>C	1	1
71892	4029	VUSmut_GDEh05	C02	CCSBVarC008306	16G>A	0	3
71892	4030	VUSmut_GDEh05	D02	CCSBVarC008307	5C>T	1	1
71892	36334	VUSmut_GDEh13	C05	CCSBVarC002841	643C>T	0	6
71892	36345	VUSmut_GDEh13	B05	CCSBVarC002844	1141C>A	1	1
100000400	0	DisWTGDEh02	B11			0	6
100000400	221523	VUSmut_GDEh10	E02	CCSBVarC007095	1058C>T	0	4
100000400	221524	VUSmut_GDEh10	G02	CCSBVarC007091	929T>A	1	1
100000400	221528	VUSmut_GDEh10	C05	CCSBVarC007093	1442T>A	1	1
100000400	221530	VUSmut_GDEh09	D09	CCSBVarC007097	1612C>T	0	5
100000400	221531	VUSmut_GDEh09	A10	CCSBVarC007092	1699G>A	1	1
100000400	221532	VUSmut_GDEh09	G10	CCSBVarC007094	1754C>T	1	1
100000400	221533	VUSmut_GDEh09	D11	CCSBVarC007096	1799G>A	1	1
100016069	0	DisWTGDEh03	G03			0	6
100016069	2601	VUSmut_GDEh03	C06	CCSBVarC008308	119G>A	0	2
100016069	2602	VUSmut_GDEh03	D06	CCSBVarC008309	119G>C	0	2
100016069	2604	VUSmut_GDEh03	E06	CCSBVarC008311	199C>T	0	2
100016069	2605	VUSmut_GDEh03	F06	CCSBVarC008312	200G>A	0	2
100016069	2606	VUSmut_GDEh03	G06	CCSBVarC008313	208G>A	0	2
100016069	2607	VUSmut_GDEh03	H06	CCSBVarC008314	208G>T	0	2
100016069	2608	VUSmut_GDEh03	A07	CCSBVarC008315	211G>A	0	2
100016069	2609	VUSmut_GDEh03	B07	CCSBVarC008316	211G>C	0	2
100016069	2611	VUSmut_GDEh03	C07	CCSBVarC008318	224C>G	0	2
100016069	2612	VUSmut_GDEh03	D07	CCSBVarC008319	224C>T	0	2
100016069	2613	VUSmut_GDEh03	E07	CCSBVarC008320	226T>G	0	4
100016069	2614	VUSmut_GDEh03	F07	CCSBVarC008321	233A>G	0	4
100016069	2616	VUSmut_GDEh03	G07	CCSBVarC008323	245G>A	0	2
100016069	2617	VUSmut_GDEh03	H07	CCSBVarC008324	256G>T	0	2
100016069	2618	VUSmut_GDEh03	A08	CCSBVarC008325	277G>A	0	2
100016069	2619	VUSmut_GDEh03	B08	CCSBVarC008326	328C>T	0	2
100016069	2620	VUSmut_GDEh03	C08	CCSBVarC008327	344C>T	0	2
100016069	2622	VUSmut_GDEh03	D08	CCSBVarC008328	416C>T	0	2
100016069	2623	VUSmut_GDEh03	E08	CCSBVarC008329	514G>A	0	2
100016069	2624	VUSmut_GDEh03	F08	CCSBVarC008330	557C>T	0	2
100016069	2626	VUSmut_GDEh03	G08	CCSBVarC008332	566G>A	0	6
100016069	2627	VUSmut_GDEh03	H08	CCSBVarC008333	566G>T	0	2
100016069	2628	VUSmut_GDEh03	A09	CCSBVarC008334	616G>A	0	4
100016069	2629	VUSmut_GDEh03	B09	CCSBVarC008335	644G>A	0	2
100016069	2635	VUSmut_GDEh03	C09	CCSBVarC008337	773T>C	0	2
100016069	2636	VUSmut_GDEh03	D09	CCSBVarC008338	779G>C	0	2
100016069	2637	VUSmut_GDEh03	E09	CCSBVarC008339	806T>A	0	2
100016069	2638	VUSmut_GDEh03	F09	CCSBVarC008340	821A>T	0	2
100016069	2639	VUSmut_GDEh03	G09	CCSBVarC008341	884T>C	0	2
100016069	2641	VUSmut_GDEh03	H09	CCSBVarC008343	899G>A	0	2
100016069	2643	VUSmut_GDEh03	A10	CCSBVarC008345	901A>C	0	2
100016069	2644	VUSmut_GDEh03	B10	CCSBVarC008346	901A>G	0	2
100016069	2646	VUSmut_GDEh03	C10	CCSBVarC008348	904G>A	0	2
100016069	2649	VUSmut_GDEh03	D10	CCSBVarC008349	935G>A	0	2
100016069	2650	VUSmut_GDEh03	E10	CCSBVarC008350	953A>G	0	2
100016069	2651	VUSmut_GDEh03	F10	CCSBVarC008351	966G>C	0	2
100016069	2652	VUSmut_GDEh03	G10	CCSBVarC008352	973C>T	0	2
100016069	2653	VUSmut_GDEh03	H10	CCSBVarC008353	976T>A	0	2
100016069	2654	VUSmut_GDEh03	A11	CCSBVarC008354	1045G>A	0	4
100016069	2655	VUSmut_GDEh03	B11	CCSBVarC008355	1091A>G	0	6
100016069	2656	VUSmut_GDEh03	C11	CCSBVarC008356	1199C>T	0	2
100016069	2658	VUSmut_GDEh03	D11	CCSBVarC008357	1229A>G	0	2
100016069	2659	VUSmut_GDEh03	E11	CCSBVarC008358	1244C>T	0	2
100016069	2660	VUSmut_GDEh03	F11	CCSBVarC008359	1259C>T	0	4
